ts,kind,action,strike,expiry,contracts,price_per_share,spot,iv,delta,slippage,commission,pnl,leaps_id,short_id,reason,cash_after
2021-02-25 15:00:00-05:00,LEAPS,BUY_TO_OPEN,239.46733148193363,2022-08-19 01:00:00-04:00,1,91.87301207763983,312.74,0.3495689926147462,0.7999918345179335,91.87301207763983,1.0,0.0,L0001,,ENTRY_BULL_MODERATE,20719.825780158375
2021-02-25 15:00:00-05:00,SHORT_CALL,SELL_TO_OPEN,337.2343717346191,2021-03-29 01:00:00-04:00,1,3.8254932598532037,312.74,0.3235679931640626,0.23,3.8254932598532037,1.0,0.0,L0001,S0002,PMCC_OPEN_BULL_MODERATE,21097.549612883842
2021-03-02 15:00:00-05:00,SHORT_CALL,BUY_TO_CLOSE,337.2343717346191,2021-03-29 01:00:00-04:00,1,2.974024210580339,318.37,0.269920004272461,0.22751480422011844,1.7844145263482034,1.0,82.36249040093827,L0001,S0002,PMCC_PROFIT_EARLY,20797.36277729946
2021-03-02 15:00:00-05:00,SHORT_CALL,SELL_TO_OPEN,338.8272739715576,2021-04-03 01:00:00-04:00,1,3.2732060697708363,318.37,0.269920004272461,0.23,1.963923641862502,1.0,0.0,L0001,S0003,PMCC_OPEN_BULL_MODERATE,21121.71946063468
2021-03-03 15:00:00-05:00,SHORT_CALL,BUY_TO_CLOSE,338.8272739715576,2021-04-03 01:00:00-04:00,1,2.12309790720947,309.17,0.29870400085449217,0.1566369971136674,2.12309790720947,1.0,111.8877183489272,L0001,S0003,PMCC_PROFIT_EARLY,20906.286572006524
2021-03-03 15:00:00-05:00,LEAPS,BUY_TO_OPEN,240.10681134033203,2022-08-25 01:00:00-04:00,1,85.75057801936791,309.17,0.32270700092315674,0.8000065847733706,85.75057801936792,1.0,0.0,L0004,,ENTRY_BULL_MODERATE,12244.478192050365
2021-03-03 15:00:00-05:00,SHORT_CALL,SELL_TO_OPEN,331.3518483085632,2021-04-04 01:00:00-04:00,1,3.5034541567504647,309.17,0.29870400085449217,0.23,3.5034541567504647,1.0,0.0,L0001,S0005,PMCC_OPEN_BULL_MODERATE,12590.32015356866
2021-03-03 15:00:00-05:00,SHORT_CALL,SELL_TO_OPEN,331.3518483085632,2021-04-04 01:00:00-04:00,1,3.5034541567504647,309.17,0.29870400085449217,0.23,3.5034541567504647,1.0,0.0,L0004,S0006,PMCC_OPEN_BULL_MODERATE,12936.162115086956
2021-03-04 15:00:00-05:00,SHORT_CALL,BUY_TO_CLOSE,331.3518483085632,2021-04-04 01:00:00-04:00,1,2.8612166402051784,304.09,0.31998399658203125,0.1911112478401279,2.861216640205179,1.0,60.36253501432344,L0001,S0005,PMCC_PROFIT_EARLY,12646.179234426232
2021-03-04 15:00:00-05:00,SHORT_CALL,BUY_TO_CLOSE,331.3518483085632,2021-04-04 01:00:00-04:00,1,2.8612166402051784,304.09,0.31998399658203125,0.1911112478401279,2.861216640205179,1.0,60.36253501432344,L0004,S0006,PMCC_PROFIT_EARLY,12356.196353765508
2021-03-04 15:00:00-05:00,SHORT_CALL,SELL_TO_OPEN,327.61468098831165,2021-04-05 01:00:00-04:00,1,3.6804625238987114,304.09,0.31998399658203125,0.23,3.6804625238987114,1.0,0.0,L0001,S0007,PMCC_OPEN_BULL_MODERATE,12719.562143631481
2021-03-04 15:00:00-05:00,SHORT_CALL,SELL_TO_OPEN,327.61468098831165,2021-04-05 01:00:00-04:00,1,3.6804625238987114,304.09,0.31998399658203125,0.23,3.6804625238987114,1.0,0.0,L0004,S0008,PMCC_OPEN_BULL_MODERATE,13082.927933497454
2021-03-05 10:00:00-05:00,SHORT_CALL,BUY_TO_CLOSE,327.61468098831165,2021-04-05 01:00:00-04:00,1,1.8861134864265878,300.89,0.27619199829101565,0.15466167046042556,1.1316680918559527,1.0,177.30323565535642,L0001,S0007,PMCC_PROFIT_EARLY,12892.184916762939
2021-03-05 10:00:00-05:00,SHORT_CALL,BUY_TO_CLOSE,327.61468098831165,2021-04-05 01:00:00-04:00,1,1.8861134864265878,300.89,0.27619199829101565,0.15466167046042556,1.1316680918559527,1.0,177.30323565535642,L0004,S0008,PMCC_PROFIT_EARLY,12701.441900028423
2021-03-05 15:00:00-05:00,SHORT_CALL,SELL_TO_OPEN,329.1186020812987,2021-04-06 01:00:00-04:00,1,3.2457276800036112,308.78,0.27619199829101565,0.23,1.9474366080021668,1.0,0.0,L0001,S0009,PMCC_OPEN_BULL_MODERATE,13023.067231420782
2021-03-05 15:00:00-05:00,SHORT_CALL,SELL_TO_OPEN,329.1186020812987,2021-04-06 01:00:00-04:00,1,3.2457276800036112,308.78,0.27619199829101565,0.23,1.9474366080021668,1.0,0.0,L0004,S0010,PMCC_OPEN_BULL_MODERATE,13344.692562813141
2021-03-08 15:00:00-05:00,SHORT_CALL,BUY_TO_CLOSE,329.1186020812987,2021-04-06 01:00:00-04:00,1,1.552179868258257,299.92,0.28526399230957034,0.13246013104414966,1.552179868258257,1.0,166.80260130627715,L0001,S0009,PMCC_PROFIT_EARLY,13186.922396119056
2021-03-08 15:00:00-05:00,SHORT_CALL,BUY_TO_CLOSE,329.1186020812987,2021-04-06 01:00:00-04:00,1,1.552179868258257,299.92,0.28526399230957034,0.13246013104414966,1.552179868258257,1.0,166.80260130627715,L0004,S0010,PMCC_PROFIT_EARLY,13029.152229424972
2021-03-29 15:00:00-04:00,SHORT_CALL,SELL_TO_OPEN,333.09442749023424,2021-04-30 00:00:00-04:00,1,2.809435479815903,315.84,0.23228799743652345,0.23,1.6856612878895418,1.0,0.0,L0001,S0011,PMCC_OPEN_BULL_MODERATE,13307.410116118672
2021-03-29 15:00:00-04:00,SHORT_CALL,SELL_TO_OPEN,333.09442749023424,2021-04-30 00:00:00-04:00,1,2.809435479815903,315.84,0.23228799743652345,0.23,1.6856612878895418,1.0,0.0,L0004,S0012,PMCC_OPEN_BULL_MODERATE,13585.668002812372
2021-03-30 10:00:00-04:00,SHORT_CALL,BUY_TO_CLOSE,333.09442749023424,2021-04-30 00:00:00-04:00,1,1.9145439745777821,313.56,0.21963200683593748,0.18088006828103131,1.1487263847466693,1.0,87.34042413906542,L0001,S0011,PMCC_PROFIT_EARLY,13392.064878969846
2021-03-30 10:00:00-04:00,SHORT_CALL,BUY_TO_CLOSE,333.09442749023424,2021-04-30 00:00:00-04:00,1,1.9145439745777821,313.56,0.21963200683593748,0.18088006828103131,1.1487263847466693,1.0,87.34042413906542,L0004,S0012,PMCC_PROFIT_EARLY,13198.46175512732
2021-03-31 15:00:00-04:00,SHORT_CALL,SELL_TO_OPEN,335.2578813514709,2021-05-02 00:00:00-04:00,1,2.6601602644203552,319.03,0.21727999572753914,0.23,1.596096158652213,1.0,0.0,L0001,S0013,PMCC_OPEN_BULL_MODERATE,13461.881685410704
2021-03-31 15:00:00-04:00,SHORT_CALL,SELL_TO_OPEN,335.2578813514709,2021-05-02 00:00:00-04:00,1,2.6601602644203552,319.03,0.21727999572753914,0.23,1.596096158652213,1.0,0.0,L0004,S0014,PMCC_OPEN_BULL_MODERATE,13725.301615694088
2021-04-05 15:00:00-04:00,SHORT_CALL,BUY_TO_CLOSE,335.2578813514709,2021-05-02 00:00:00-04:00,1,5.353712826327467,331.08,0.20059199829101562,0.4198136704828563,1.8737994892146135,1.0,-272.2290556799258,L0001,S0013,PMCC_STRIKE_GAP,13187.056533572128
2021-04-05 15:00:00-04:00,SHORT_CALL,BUY_TO_CLOSE,335.2578813514709,2021-05-02 00:00:00-04:00,1,5.353712826327467,331.08,0.20059199829101562,0.4198136704828563,1.8737994892146135,1.0,-272.2290556799258,L0004,S0014,PMCC_STRIKE_GAP,12648.811451450167
2021-04-06 15:00:00-04:00,SHORT_CALL,SELL_TO_OPEN,346.4257536849975,2021-05-08 00:00:00-04:00,1,2.5814968276679338,330.78,0.2029440093994141,0.23,1.5488980966007604,1.0,0.0,L0001,S0015,PMCC_OPEN_BULL_MODERATE,12904.412236120359
2021-04-06 15:00:00-04:00,SHORT_CALL,SELL_TO_OPEN,346.4257536849975,2021-05-08 00:00:00-04:00,1,2.5814968276679338,330.78,0.2029440093994141,0.23,1.5488980966007604,1.0,0.0,L0004,S0016,PMCC_OPEN_BULL_MODERATE,13160.013020790551
2021-04-19 10:00:00-04:00,SHORT_CALL,BUY_TO_CLOSE,346.4257536849975,2021-05-08 00:00:00-04:00,1,3.1798998741112996,339.43,0.19364801025390627,0.33015738608791956,1.112964955938955,1.0,-61.95326960027552,L0001,S0015,PMCC_GAMMA_MGMT,12839.910068423482
2021-04-19 10:00:00-04:00,SHORT_CALL,BUY_TO_CLOSE,346.4257536849975,2021-05-08 00:00:00-04:00,1,3.1798998741112996,339.43,0.19364801025390627,0.33015738608791956,1.112964955938955,1.0,-61.95326960027552,L0004,S0016,PMCC_GAMMA_MGMT,12519.807116056412
2021-05-11 15:00:00-04:00,LEAPS,BUY_TO_OPEN,250.64843626403808,2022-05-11 00:00:00-04:00,1,83.19209193170019,325.31,0.2930928020477295,0.850006203264243,49.91525515902012,1.0,0.0,L0017,,ENTRY_BULL_STRONG,4149.682667727373
2021-05-13 15:00:00-04:00,SHORT_CALL,SELL_TO_OPEN,338.96973426818846,2021-06-14 00:00:00-04:00,1,3.1560176910289925,319.35,0.259055990600586,0.23,1.8936106146173957,1.0,0.0,L0001,S0018,PMCC_OPEN_BULL_MODERATE,4462.390826215655
2021-05-13 15:00:00-04:00,SHORT_CALL,SELL_TO_OPEN,338.96973426818846,2021-06-14 00:00:00-04:00,1,3.1560176910289925,319.35,0.259055990600586,0.23,1.8936106146173957,1.0,0.0,L0004,S0019,PMCC_OPEN_BULL_MODERATE,4775.098984703936
2021-05-13 15:00:00-04:00,SHORT_CALL,SELL_TO_OPEN,338.96973426818846,2021-06-14 00:00:00-04:00,1,3.1560176910289925,319.35,0.259055990600586,0.23,1.8936106146173957,1.0,0.0,L0017,S0020,PMCC_OPEN_BULL_MODERATE,5087.807143192218
2021-05-17 10:00:00-04:00,SHORT_CALL,BUY_TO_CLOSE,338.96973426818846,2021-06-14 00:00:00-04:00,1,2.743838745002094,324.13,0.2208639923095703,0.2416044695836923,1.6463032470012564,1.0,38.57159135568861,L0001,S0018,PMCC_PROFIT_EARLY,4810.776965445008
2021-05-17 10:00:00-04:00,SHORT_CALL,BUY_TO_CLOSE,338.96973426818846,2021-06-14 00:00:00-04:00,1,2.743838745002094,324.13,0.2208639923095703,0.2416044695836923,1.6463032470012564,1.0,38.57159135568861,L0004,S0019,PMCC_PROFIT_EARLY,4533.746787697797
2021-05-17 10:00:00-04:00,SHORT_CALL,BUY_TO_CLOSE,338.96973426818846,2021-06-14 00:00:00-04:00,1,2.743838745002094,324.13,0.2208639923095703,0.2416044695836923,1.6463032470012564,1.0,38.57159135568861,L0017,S0020,PMCC_PROFIT_EARLY,4256.716609950587
2021-05-17 15:00:00-04:00,SHORT_CALL,SELL_TO_OPEN,341.2316858673096,2021-06-18 00:00:00-04:00,1,2.7484758164086998,324.44,0.2208639923095703,0.23,1.6490854898452199,1.0,0.0,L0001,S0021,PMCC_OPEN_BULL_MODERATE,4528.915106101611
2021-05-17 15:00:00-04:00,SHORT_CALL,SELL_TO_OPEN,341.2316858673096,2021-06-18 00:00:00-04:00,1,2.7484758164086998,324.44,0.2208639923095703,0.23,1.6490854898452199,1.0,0.0,L0004,S0022,PMCC_OPEN_BULL_MODERATE,4801.113602252635
2021-05-17 15:00:00-04:00,SHORT_CALL,SELL_TO_OPEN,341.2316858673096,2021-06-18 00:00:00-04:00,1,2.7484758164086998,324.44,0.2208639923095703,0.23,1.6490854898452199,1.0,0.0,L0017,S0023,PMCC_OPEN_BULL_MODERATE,5073.31209840366
2021-05-19 10:00:00-04:00,SHORT_CALL,BUY_TO_CLOSE,341.2316858673096,2021-06-18 00:00:00-04:00,1,2.2273924016400457,319.33,0.24841600341796877,0.1851843043391454,1.3364354409840276,1.0,49.771906035881386,L0001,S0021,PMCC_PROFIT_EARLY,4848.236422798671
2021-05-19 10:00:00-04:00,SHORT_CALL,BUY_TO_CLOSE,341.2316858673096,2021-06-18 00:00:00-04:00,1,2.2273924016400457,319.33,0.24841600341796877,0.1851843043391454,1.3364354409840276,1.0,49.771906035881386,L0004,S0022,PMCC_PROFIT_EARLY,4623.160747193682
2021-05-19 10:00:00-04:00,SHORT_CALL,BUY_TO_CLOSE,341.2316858673096,2021-06-18 00:00:00-04:00,1,2.2273924016400457,319.33,0.24841600341796877,0.1851843043391454,1.3364354409840276,1.0,49.771906035881386,L0017,S0023,PMCC_PROFIT_EARLY,4398.085071588694
2021-05-19 15:00:00-04:00,SHORT_CALL,SELL_TO_OPEN,341.56203646087647,2021-06-20 00:00:00-04:00,1,3.062117942704859,322.62,0.24841600341796877,0.23,1.8372707656229152,1.0,0.0,L0001,S0024,PMCC_OPEN_BULL_MODERATE,4701.459595093556
2021-05-19 15:00:00-04:00,SHORT_CALL,SELL_TO_OPEN,341.56203646087647,2021-06-20 00:00:00-04:00,1,3.062117942704859,322.62,0.24841600341796877,0.23,1.8372707656229152,1.0,0.0,L0004,S0025,PMCC_OPEN_BULL_MODERATE,5004.834118598419
2021-05-19 15:00:00-04:00,SHORT_CALL,SELL_TO_OPEN,341.56203646087647,2021-06-20 00:00:00-04:00,1,3.062117942704859,322.62,0.24841600341796877,0.23,1.8372707656229152,1.0,0.0,L0017,S0026,PMCC_OPEN_BULL_MODERATE,5308.208642103282
2021-06-01 10:00:00-04:00,SHORT_CALL,BUY_TO_CLOSE,341.56203646087647,2021-06-20 00:00:00-04:00,1,2.5087859530914898,331.99,0.20047999572753908,0.2747717908981734,0.8780750835820215,1.0,53.455123877754886,L0001,S0024,PMCC_PROFIT_EARLY,5055.45197171055
2021-06-01 10:00:00-04:00,SHORT_CALL,BUY_TO_CLOSE,341.56203646087647,2021-06-20 00:00:00-04:00,1,2.5087859530914898,331.99,0.20047999572753908,0.2747717908981734,0.8780750835820215,1.0,53.455123877754886,L0004,S0025,PMCC_PROFIT_EARLY,4802.695301317819
2021-06-01 10:00:00-04:00,SHORT_CALL,BUY_TO_CLOSE,341.56203646087647,2021-06-20 00:00:00-04:00,1,2.5087859530914898,331.99,0.20047999572753908,0.2747717908981734,0.8780750835820215,1.0,53.455123877754886,L0017,S0026,PMCC_PROFIT_EARLY,4549.938630925088
2021-06-01 15:00:00-04:00,SHORT_CALL,SELL_TO_OPEN,348.36881271743766,2021-07-03 00:00:00-04:00,1,2.566720171575284,332.83,0.20047999572753908,0.23,0.8983520600513494,1.0,0.0,L0001,S0027,PMCC_OPEN_BULL_MODERATE,4804.712296022564
2021-06-01 15:00:00-04:00,SHORT_CALL,SELL_TO_OPEN,348.36881271743766,2021-07-03 00:00:00-04:00,1,2.566720171575284,332.83,0.20047999572753908,0.23,0.8983520600513494,1.0,0.0,L0004,S0028,PMCC_OPEN_BULL_MODERATE,5059.485961120041
2021-06-01 15:00:00-04:00,SHORT_CALL,SELL_TO_OPEN,348.36881271743766,2021-07-03 00:00:00-04:00,1,2.566720171575284,332.83,0.20047999572753908,0.23,0.8983520600513494,1.0,0.0,L0017,S0029,PMCC_OPEN_BULL_MODERATE,5314.2596262175175
2021-06-03 15:00:00-04:00,SHORT_CALL,BUY_TO_CLOSE,348.36881271743766,2021-07-03 00:00:00-04:00,1,1.8252366328004825,329.87,0.20204801025390626,0.180679260425266,1.0951419796802895,1.0,72.05321189779986,L0001,S0027,PMCC_PROFIT_EARLY,5129.640820957789
2021-06-03 15:00:00-04:00,SHORT_CALL,BUY_TO_CLOSE,348.36881271743766,2021-07-03 00:00:00-04:00,1,1.8252366328004825,329.87,0.20204801025390626,0.180679260425266,1.0951419796802895,1.0,72.05321189779986,L0004,S0028,PMCC_PROFIT_EARLY,4945.022015698061
2021-06-03 15:00:00-04:00,SHORT_CALL,BUY_TO_CLOSE,348.36881271743766,2021-07-03 00:00:00-04:00,1,1.8252366328004825,329.87,0.20204801025390626,0.180679260425266,1.0951419796802895,1.0,72.05321189779986,L0017,S0029,PMCC_PROFIT_EARLY,4760.403210438333
2021-06-03 15:00:00-04:00,SHORT_CALL,SELL_TO_OPEN,342.1907975158691,2021-07-05 00:00:00-04:00,1,3.3197995740207062,329.87,0.20204801025390626,0.28,1.9918797444124239,1.0,0.0,L0001,S0030,PMCC_OPEN_BULL_STRONG,5089.3912880959915
2021-06-03 15:00:00-04:00,SHORT_CALL,SELL_TO_OPEN,342.1907975158691,2021-07-05 00:00:00-04:00,1,3.3197995740207062,329.87,0.20204801025390626,0.28,1.9918797444124239,1.0,0.0,L0004,S0031,PMCC_OPEN_BULL_STRONG,5418.37936575365
2021-06-03 15:00:00-04:00,SHORT_CALL,SELL_TO_OPEN,342.1907975158691,2021-07-05 00:00:00-04:00,1,3.3197995740207062,329.87,0.20204801025390626,0.28,1.9918797444124239,1.0,0.0,L0017,S0032,PMCC_OPEN_BULL_STRONG,5747.367443411308
2021-06-09 10:00:00-04:00,SHORT_CALL,BUY_TO_CLOSE,342.1907975158691,2021-07-05 00:00:00-04:00,1,5.19116333396525,337.61,0.2003679931640625,0.4109855188347747,1.8169071668878374,1.0,-189.9532831613422,L0001,S0030,PMCC_STRIKE_GAP,5225.434202847895
2021-06-09 10:00:00-04:00,SHORT_CALL,BUY_TO_CLOSE,342.1907975158691,2021-07-05 00:00:00-04:00,1,5.19116333396525,337.61,0.2003679931640625,0.4109855188347747,1.8169071668878374,1.0,-189.9532831613422,L0004,S0031,PMCC_STRIKE_GAP,4703.500962284482
2021-06-09 10:00:00-04:00,SHORT_CALL,BUY_TO_CLOSE,342.1907975158691,2021-07-05 00:00:00-04:00,1,5.19116333396525,337.61,0.2003679931640625,0.4109855188347747,1.8169071668878374,1.0,-189.9532831613422,L0017,S0032,PMCC_STRIKE_GAP,4181.567721721069
2021-06-09 15:00:00-04:00,SHORT_CALL,SELL_TO_OPEN,349.31088217163085,2021-07-11 00:00:00-04:00,1,3.362637330537126,336.84,0.2003679931640625,0.28,1.176923065687994,1.0,0.0,L0001,S0033,PMCC_OPEN_BULL_STRONG,4515.654531709093
2021-06-09 15:00:00-04:00,SHORT_CALL,SELL_TO_OPEN,349.31088217163085,2021-07-11 00:00:00-04:00,1,3.362637330537126,336.84,0.2003679931640625,0.28,1.176923065687994,1.0,0.0,L0004,S0034,PMCC_OPEN_BULL_STRONG,4849.741341697118
2021-06-09 15:00:00-04:00,SHORT_CALL,SELL_TO_OPEN,349.31088217163085,2021-07-11 00:00:00-04:00,1,3.362637330537126,336.84,0.2003679931640625,0.28,1.176923065687994,1.0,0.0,L0017,S0035,PMCC_OPEN_BULL_STRONG,5183.828151685142
2021-06-14 15:00:00-04:00,SHORT_CALL,BUY_TO_CLOSE,349.31088217163085,2021-07-11 00:00:00-04:00,1,4.765701820661718,344.49,0.18356799316406253,0.4000693323792674,1.6679956372316014,1.0,-142.97444464969084,L0001,S0033,PMCC_STRIKE_GAP,4704.589973981739
2021-06-14 15:00:00-04:00,SHORT_CALL,BUY_TO_CLOSE,349.31088217163085,2021-07-11 00:00:00-04:00,1,4.765701820661718,344.49,0.18356799316406253,0.4000693323792674,1.6679956372316014,1.0,-142.97444464969084,L0004,S0034,PMCC_STRIKE_GAP,4225.351796278335
2021-06-14 15:00:00-04:00,SHORT_CALL,BUY_TO_CLOSE,349.31088217163085,2021-07-11 00:00:00-04:00,1,4.765701820661718,344.49,0.18356799316406253,0.4000693323792674,1.6679956372316014,1.0,-142.97444464969084,L0017,S0035,PMCC_STRIKE_GAP,3746.113618574932
2021-06-14 15:00:00-04:00,SHORT_CALL,SELL_TO_OPEN,356.1079168395996,2021-07-16 00:00:00-04:00,1,3.1585102252508364,344.49,0.18356799316406253,0.28,1.1054785788377928,1.0,0.0,L0001,S0036,PMCC_OPEN_BULL_STRONG,4059.859162521178
2021-06-14 15:00:00-04:00,SHORT_CALL,SELL_TO_OPEN,356.1079168395996,2021-07-16 00:00:00-04:00,1,3.1585102252508364,344.49,0.18356799316406253,0.28,1.1054785788377928,1.0,0.0,L0004,S0037,PMCC_OPEN_BULL_STRONG,4373.604706467424
2021-06-14 15:00:00-04:00,SHORT_CALL,SELL_TO_OPEN,356.1079168395996,2021-07-16 00:00:00-04:00,1,3.1585102252508364,344.49,0.18356799316406253,0.28,1.1054785788377928,1.0,0.0,L0017,S0038,PMCC_OPEN_BULL_STRONG,4687.3502504136695
2021-06-25 10:00:00-04:00,SHORT_CALL,BUY_TO_CLOSE,356.1079168395996,2021-07-16 00:00:00-04:00,1,3.2067716036044374,349.57,0.17494399871826175,0.3372380410798652,1.122370061261553,1.0,-6.948507896621663,L0001,S0036,PMCC_GAMMA_MGMT,4364.550719991964
2021-06-25 10:00:00-04:00,SHORT_CALL,BUY_TO_CLOSE,356.1079168395996,2021-07-16 00:00:00-04:00,1,3.2067716036044374,349.57,0.17494399871826175,0.3372380410798652,1.122370061261553,1.0,-6.948507896621663,L0004,S0037,PMCC_GAMMA_MGMT,4041.7511895702587
2021-06-25 10:00:00-04:00,SHORT_CALL,BUY_TO_CLOSE,356.1079168395996,2021-07-16 00:00:00-04:00,1,3.2067716036044374,349.57,0.17494399871826175,0.3372380410798652,1.122370061261553,1.0,-6.948507896621663,L0017,S0038,PMCC_GAMMA_MGMT,3718.9516591485535
2021-08-09 15:00:00-04:00,SHORT_CALL,SELL_TO_OPEN,381.4113341903686,2021-09-10 00:00:00-04:00,1,3.4464276654820196,368.7,0.18726399230957033,0.28,1.2062496829187068,1.0,0.0,L0001,S0039,PMCC_OPEN_BULL_STRONG,4061.3881760138365
2021-08-09 15:00:00-04:00,SHORT_CALL,SELL_TO_OPEN,381.4113341903686,2021-09-10 00:00:00-04:00,1,3.4464276654820196,368.7,0.18726399230957033,0.28,1.2062496829187068,1.0,0.0,L0004,S0040,PMCC_OPEN_BULL_STRONG,4403.8246928791195
2021-08-09 15:00:00-04:00,SHORT_CALL,SELL_TO_OPEN,381.4113341903686,2021-09-10 00:00:00-04:00,1,3.4464276654820196,368.7,0.18726399230957033,0.28,1.2062496829187068,1.0,0.0,L0017,S0041,PMCC_OPEN_BULL_STRONG,4746.261209744403
2021-08-11 10:00:00-04:00,SHORT_CALL,BUY_TO_CLOSE,381.4113341903686,2021-09-10 00:00:00-04:00,1,2.346468881744798,365.95,0.1811040008544922,0.22054870078261718,0.8212641086106792,1.0,108.1746142651115,L0001,S0039,PMCC_PROFIT_EARLY,4509.793057461312
2021-08-11 10:00:00-04:00,SHORT_CALL,BUY_TO_CLOSE,381.4113341903686,2021-09-10 00:00:00-04:00,1,2.346468881744798,365.95,0.1811040008544922,0.22054870078261718,0.8212641086106792,1.0,108.1746142651115,L0004,S0040,PMCC_PROFIT_EARLY,4273.324905178221
2021-08-11 10:00:00-04:00,SHORT_CALL,BUY_TO_CLOSE,381.4113341903686,2021-09-10 00:00:00-04:00,1,2.346468881744798,365.95,0.1811040008544922,0.22054870078261718,0.8212641086106792,1.0,108.1746142651115,L0017,S0041,PMCC_PROFIT_EARLY,4036.8567528951307
2021-08-11 15:00:00-04:00,SHORT_CALL,SELL_TO_OPEN,378.41512748718253,2021-09-12 00:00:00-04:00,1,3.314006106108181,366.23,0.1811040008544922,0.28,1.1599021371378633,1.0,0.0,L0001,S0042,PMCC_OPEN_BULL_STRONG,4366.097461368811
2021-08-11 15:00:00-04:00,SHORT_CALL,SELL_TO_OPEN,378.41512748718253,2021-09-12 00:00:00-04:00,1,3.314006106108181,366.23,0.1811040008544922,0.28,1.1599021371378633,1.0,0.0,L0004,S0043,PMCC_OPEN_BULL_STRONG,4695.338169842492
2021-08-11 15:00:00-04:00,SHORT_CALL,SELL_TO_OPEN,378.41512748718253,2021-09-12 00:00:00-04:00,1,3.314006106108181,366.23,0.1811040008544922,0.28,1.1599021371378633,1.0,0.0,L0017,S0044,PMCC_OPEN_BULL_STRONG,5024.578878316172
2021-08-16 10:00:00-04:00,SHORT_CALL,BUY_TO_CLOSE,378.41512748718253,2021-09-12 00:00:00-04:00,1,2.251201416575384,364.1,0.18054400939941406,0.22365431019345577,0.7879204958013845,1.0,104.4925484574783,L0001,S0042,PMCC_PROFIT_EARLY,4797.670816162833
2021-08-16 10:00:00-04:00,SHORT_CALL,BUY_TO_CLOSE,378.41512748718253,2021-09-12 00:00:00-04:00,1,2.251201416575384,364.1,0.18054400939941406,0.22365431019345577,0.7879204958013845,1.0,104.4925484574783,L0004,S0043,PMCC_PROFIT_EARLY,4570.762754009494
2021-08-16 10:00:00-04:00,SHORT_CALL,BUY_TO_CLOSE,378.41512748718253,2021-09-12 00:00:00-04:00,1,2.251201416575384,364.1,0.18054400939941406,0.22365431019345577,0.7879204958013845,1.0,104.4925484574783,L0017,S0044,PMCC_PROFIT_EARLY,4343.854691856154
2021-08-16 15:00:00-04:00,SHORT_CALL,SELL_TO_OPEN,381.21068221664433,2021-09-17 00:00:00-04:00,1,3.328684348637637,368.97,0.18054400939941406,0.28,1.165039522023173,1.0,0.0,L0001,S0045,PMCC_OPEN_BULL_STRONG,4674.558087197895
2021-08-16 15:00:00-04:00,SHORT_CALL,SELL_TO_OPEN,381.21068221664433,2021-09-17 00:00:00-04:00,1,3.328684348637637,368.97,0.18054400939941406,0.28,1.165039522023173,1.0,0.0,L0004,S0046,PMCC_OPEN_BULL_STRONG,5005.261482539635
2021-08-16 15:00:00-04:00,SHORT_CALL,SELL_TO_OPEN,381.21068221664433,2021-09-17 00:00:00-04:00,1,3.328684348637637,368.97,0.18054400939941406,0.28,1.165039522023173,1.0,0.0,L0017,S0047,PMCC_OPEN_BULL_STRONG,5335.964877881375
2021-08-27 10:00:00-04:00,SHORT_CALL,BUY_TO_CLOSE,381.21068221664433,2021-09-17 00:00:00-04:00,1,4.1503766169131495,375.42,0.18356799316406253,0.37256858002946647,1.4526318159196023,1.0,-84.62185864347089,L0001,S0045,PMCC_GAMMA_MGMT,4918.47458437414
2021-08-27 10:00:00-04:00,SHORT_CALL,BUY_TO_CLOSE,381.21068221664433,2021-09-17 00:00:00-04:00,1,4.1503766169131495,375.42,0.18356799316406253,0.37256858002946647,1.4526318159196023,1.0,-84.62185864347089,L0004,S0046,PMCC_GAMMA_MGMT,4500.984290866905
2021-08-27 10:00:00-04:00,SHORT_CALL,BUY_TO_CLOSE,381.21068221664433,2021-09-17 00:00:00-04:00,1,4.1503766169131495,375.42,0.18356799316406253,0.37256858002946647,1.4526318159196023,1.0,-84.62185864347089,L0017,S0047,PMCC_GAMMA_MGMT,4083.4939973596706
2021-08-27 15:00:00-04:00,SHORT_CALL,SELL_TO_OPEN,388.78309488677985,2021-09-28 00:00:00-04:00,1,3.448259369010998,376.09,0.18356799316406253,0.28,1.2068907791538492,1.0,0.0,L0001,S0048,PMCC_OPEN_BULL_STRONG,4426.113043481617
2021-08-27 15:00:00-04:00,SHORT_CALL,SELL_TO_OPEN,388.78309488677985,2021-09-28 00:00:00-04:00,1,3.448259369010998,376.09,0.18356799316406253,0.28,1.2068907791538492,1.0,0.0,L0004,S0049,PMCC_OPEN_BULL_STRONG,4768.732089603563
2021-08-27 15:00:00-04:00,SHORT_CALL,SELL_TO_OPEN,388.78309488677985,2021-09-28 00:00:00-04:00,1,3.448259369010998,376.09,0.18356799316406253,0.28,1.2068907791538492,1.0,0.0,L0017,S0050,PMCC_OPEN_BULL_STRONG,5111.351135725508
2021-09-07 10:00:00-04:00,SHORT_CALL,BUY_TO_CLOSE,388.78309488677985,2021-09-28 00:00:00-04:00,1,4.63065225232819,382.12,0.20316799316406256,0.37071848164405263,2.778391351396914,1.0,-122.01767968311611,L0001,S0048,PMCC_GAMMA_MGMT,4644.5075191412925
2021-09-07 10:00:00-04:00,SHORT_CALL,BUY_TO_CLOSE,388.78309488677985,2021-09-28 00:00:00-04:00,1,4.63065225232819,382.12,0.20316799316406256,0.37071848164405263,2.778391351396914,1.0,-122.01767968311611,L0004,S0049,PMCC_GAMMA_MGMT,4177.663902557077
2021-09-07 10:00:00-04:00,SHORT_CALL,BUY_TO_CLOSE,388.78309488677985,2021-09-28 00:00:00-04:00,1,4.63065225232819,382.12,0.20316799316406256,0.37071848164405263,2.778391351396914,1.0,-122.01767968311611,L0017,S0050,PMCC_GAMMA_MGMT,3710.820285972861
2021-09-13 15:00:00-04:00,SHORT_CALL,SELL_TO_OPEN,391.5377122268676,2021-10-15 00:00:00-04:00,1,4.057739724107094,376.36,0.21694400939941408,0.28,2.4346438344642567,1.0,0.0,L0001,S0051,PMCC_OPEN_BULL_STRONG,4113.159614549106
2021-09-13 15:00:00-04:00,SHORT_CALL,SELL_TO_OPEN,391.5377122268676,2021-10-15 00:00:00-04:00,1,4.057739724107094,376.36,0.21694400939941408,0.28,2.4346438344642567,1.0,0.0,L0004,S0052,PMCC_OPEN_BULL_STRONG,4515.498943125351
2021-09-13 15:00:00-04:00,SHORT_CALL,SELL_TO_OPEN,391.5377122268676,2021-10-15 00:00:00-04:00,1,4.057739724107094,376.36,0.21694400939941408,0.28,2.4346438344642567,1.0,0.0,L0017,S0053,PMCC_OPEN_BULL_STRONG,4917.838271701596
2021-09-15 10:00:00-04:00,SHORT_CALL,BUY_TO_CLOSE,391.5377122268676,2021-10-15 00:00:00-04:00,1,2.933456431504041,374.76,0.20361600341796876,0.23558580015005626,1.7600738589024247,1.0,109.66825540140286,L0001,S0051,PMCC_PROFIT_EARLY,4621.732554692289
2021-09-15 10:00:00-04:00,SHORT_CALL,BUY_TO_CLOSE,391.5377122268676,2021-10-15 00:00:00-04:00,1,2.933456431504041,374.76,0.20361600341796876,0.23558580015005626,1.7600738589024247,1.0,109.66825540140286,L0004,S0052,PMCC_PROFIT_EARLY,4325.626837682983
2021-09-15 10:00:00-04:00,SHORT_CALL,BUY_TO_CLOSE,391.5377122268676,2021-10-15 00:00:00-04:00,1,2.933456431504041,374.76,0.20361600341796876,0.23558580015005626,1.7600738589024247,1.0,109.66825540140286,L0017,S0053,PMCC_PROFIT_EARLY,4029.5211206736767
2021-09-15 15:00:00-04:00,SHORT_CALL,SELL_TO_OPEN,392.2429882049561,2021-10-17 00:00:00-04:00,1,3.832651966430319,378.0,0.20361600341796876,0.28,2.2995911798581914,1.0,0.0,L0001,S0054,PMCC_OPEN_BULL_STRONG,4409.486726136851
2021-09-15 15:00:00-04:00,SHORT_CALL,SELL_TO_OPEN,392.2429882049561,2021-10-17 00:00:00-04:00,1,3.832651966430319,378.0,0.20361600341796876,0.28,2.2995911798581914,1.0,0.0,L0004,S0055,PMCC_OPEN_BULL_STRONG,4789.452331600025
2021-09-15 15:00:00-04:00,SHORT_CALL,SELL_TO_OPEN,392.2429882049561,2021-10-17 00:00:00-04:00,1,3.832651966430319,378.0,0.20361600341796876,0.28,2.2995911798581914,1.0,0.0,L0017,S0056,PMCC_OPEN_BULL_STRONG,5169.417937063199
2021-09-20 10:00:00-04:00,SHORT_CALL,BUY_TO_CLOSE,392.2429882049561,2021-10-17 00:00:00-04:00,1,2.9747844678850157,365.53,0.28795198974609376,0.19455910916908808,2.9747844678850157,1.0,81.81196538664534,L0001,S0054,PMCC_PROFIT_EARLY,4867.964705806812
2021-09-20 10:00:00-04:00,SHORT_CALL,BUY_TO_CLOSE,392.2429882049561,2021-10-17 00:00:00-04:00,1,2.9747844678850157,365.53,0.28795198974609376,0.19455910916908808,2.9747844678850157,1.0,81.81196538664534,L0004,S0055,PMCC_PROFIT_EARLY,4566.511474550425
2021-09-20 10:00:00-04:00,SHORT_CALL,BUY_TO_CLOSE,392.2429882049561,2021-10-17 00:00:00-04:00,1,2.9747844678850157,365.53,0.28795198974609376,0.19455910916908808,2.9747844678850157,1.0,81.81196538664534,L0017,S0056,PMCC_PROFIT_EARLY,4265.058243294038
2021-09-22 15:00:00-04:00,SHORT_CALL,SELL_TO_OPEN,389.879732913971,2021-10-24 00:00:00-04:00,1,3.307211385511934,369.55,0.2337440093994141,0.23,1.9843268313071605,1.0,0.0,L0001,S0057,PMCC_OPEN_BULL_MODERATE,4592.795055013925
2021-09-22 15:00:00-04:00,SHORT_CALL,SELL_TO_OPEN,389.879732913971,2021-10-24 00:00:00-04:00,1,3.307211385511934,369.55,0.2337440093994141,0.23,1.9843268313071605,1.0,0.0,L0004,S0058,PMCC_OPEN_BULL_MODERATE,4920.5318667338115
2021-09-22 15:00:00-04:00,SHORT_CALL,SELL_TO_OPEN,389.879732913971,2021-10-24 00:00:00-04:00,1,3.307211385511934,369.55,0.2337440093994141,0.23,1.9843268313071605,1.0,0.0,L0017,S0059,PMCC_OPEN_BULL_MODERATE,5248.268678453698
2021-09-24 10:00:00-04:00,SHORT_CALL,BUY_TO_CLOSE,389.879732913971,2021-10-24 00:00:00-04:00,1,2.288453486527132,370.96,0.1988,0.19935302582164882,0.8009587202844962,1.0,100.07483117819572,L0001,S0057,PMCC_PROFIT_EARLY,5017.622371080701
2021-09-24 10:00:00-04:00,SHORT_CALL,BUY_TO_CLOSE,389.879732913971,2021-10-24 00:00:00-04:00,1,2.288453486527132,370.96,0.1988,0.19935302582164882,0.8009587202844962,1.0,100.07483117819572,L0004,S0058,PMCC_PROFIT_EARLY,4786.976063707703
2021-09-24 10:00:00-04:00,SHORT_CALL,BUY_TO_CLOSE,389.879732913971,2021-10-24 00:00:00-04:00,1,2.288453486527132,370.96,0.1988,0.19935302582164882,0.8009587202844962,1.0,100.07483117819572,L0017,S0059,PMCC_PROFIT_EARLY,4556.329756334706
2021-09-24 15:00:00-04:00,SHORT_CALL,SELL_TO_OPEN,390.6092443199158,2021-10-26 00:00:00-04:00,1,2.8556993015774026,373.33,0.1988,0.23,0.9994947555520909,1.0,0.0,L0001,S0060,PMCC_OPEN_BULL_MODERATE,4839.900191736894
2021-09-24 15:00:00-04:00,SHORT_CALL,SELL_TO_OPEN,390.6092443199158,2021-10-26 00:00:00-04:00,1,2.8556993015774026,373.33,0.1988,0.23,0.9994947555520909,1.0,0.0,L0004,S0061,PMCC_OPEN_BULL_MODERATE,5123.470627139082
2021-09-24 15:00:00-04:00,SHORT_CALL,SELL_TO_OPEN,390.6092443199158,2021-10-26 00:00:00-04:00,1,2.8556993015774026,373.33,0.1988,0.23,0.9994947555520909,1.0,0.0,L0017,S0062,PMCC_OPEN_BULL_MODERATE,5407.041062541271
2021-09-27 10:00:00-04:00,SHORT_CALL,BUY_TO_CLOSE,390.6092443199158,2021-10-26 00:00:00-04:00,1,2.1976395226629393,369.99,0.21011200256347662,0.18787744320080024,1.3185837135977636,1.0,63.48739417784856,L0001,S0060,PMCC_PROFIT_EARLY,5184.958526561379
2021-09-27 10:00:00-04:00,SHORT_CALL,BUY_TO_CLOSE,390.6092443199158,2021-10-26 00:00:00-04:00,1,2.1976395226629393,369.99,0.21011200256347662,0.18787744320080024,1.3185837135977636,1.0,63.48739417784856,L0004,S0061,PMCC_PROFIT_EARLY,4962.875990581487
2021-09-27 10:00:00-04:00,SHORT_CALL,BUY_TO_CLOSE,390.6092443199158,2021-10-26 00:00:00-04:00,1,2.1976395226629393,369.99,0.21011200256347662,0.18787744320080024,1.3185837135977636,1.0,63.48739417784856,L0017,S0062,PMCC_PROFIT_EARLY,4740.793454601595
2021-09-27 15:00:00-04:00,SHORT_CALL,SELL_TO_OPEN,388.5414683532715,2021-10-29 00:00:00-04:00,1,2.9892091433286367,370.36,0.21011200256347662,0.23,1.793525485997182,1.0,0.0,L0001,S0063,PMCC_OPEN_BULL_MODERATE,5036.920843448462
2021-09-27 15:00:00-04:00,SHORT_CALL,SELL_TO_OPEN,388.5414683532715,2021-10-29 00:00:00-04:00,1,2.9892091433286367,370.36,0.21011200256347662,0.23,1.793525485997182,1.0,0.0,L0004,S0064,PMCC_OPEN_BULL_MODERATE,5333.0482322953285
2021-09-27 15:00:00-04:00,SHORT_CALL,SELL_TO_OPEN,388.5414683532715,2021-10-29 00:00:00-04:00,1,2.9892091433286367,370.36,0.21011200256347662,0.23,1.793525485997182,1.0,0.0,L0017,S0065,PMCC_OPEN_BULL_MODERATE,5629.175621142195
2021-09-28 10:00:00-04:00,SHORT_CALL,BUY_TO_CLOSE,388.5414683532715,2021-10-29 00:00:00-04:00,1,2.599767388406221,361.49,0.2604,0.18070995143116975,1.5598604330437327,1.0,36.38431505919783,L0001,S0063,PMCC_PROFIT_EARLY,5366.639021868529
2021-09-28 10:00:00-04:00,SHORT_CALL,BUY_TO_CLOSE,388.5414683532715,2021-10-29 00:00:00-04:00,1,2.599767388406221,361.49,0.2604,0.18070995143116975,1.5598604330437327,1.0,36.38431505919783,L0004,S0064,PMCC_PROFIT_EARLY,5104.102422594863
2021-09-28 10:00:00-04:00,SHORT_CALL,BUY_TO_CLOSE,388.5414683532715,2021-10-29 00:00:00-04:00,1,2.599767388406221,361.49,0.2604,0.18070995143116975,1.5598604330437327,1.0,36.38431505919783,L0017,S0065,PMCC_PROFIT_EARLY,4841.565823321197
2021-09-28 15:00:00-04:00,SHORT_CALL,SELL_TO_OPEN,382.0892801856995,2021-10-30 00:00:00-04:00,1,3.574039976258888,359.85,0.2604,0.23,2.1444239857553327,1.0,0.0,L0001,S0066,PMCC_OPEN_BULL_MODERATE,5195.825396961331
2021-09-28 15:00:00-04:00,SHORT_CALL,SELL_TO_OPEN,382.0892801856995,2021-10-30 00:00:00-04:00,1,3.574039976258888,359.85,0.2604,0.23,2.1444239857553327,1.0,0.0,L0004,S0067,PMCC_OPEN_BULL_MODERATE,5550.084970601464
2021-09-28 15:00:00-04:00,SHORT_CALL,SELL_TO_OPEN,382.0892801856995,2021-10-30 00:00:00-04:00,1,3.574039976258888,359.85,0.2604,0.23,2.1444239857553327,1.0,0.0,L0017,S0068,PMCC_OPEN_BULL_MODERATE,5904.344544241598
2021-09-29 15:00:00-04:00,SHORT_CALL,BUY_TO_CLOSE,382.0892801856995,2021-10-30 00:00:00-04:00,1,3.0926598103843475,359.35,0.2526719940185547,0.21299078812605793,1.8555958862306086,1.0,45.28242070122343,L0001,S0066,PMCC_PROFIT_EARLY,5592.222967316932
2021-09-29 15:00:00-04:00,SHORT_CALL,BUY_TO_CLOSE,382.0892801856995,2021-10-30 00:00:00-04:00,1,3.0926598103843475,359.35,0.2526719940185547,0.21299078812605793,1.8555958862306086,1.0,45.28242070122343,L0004,S0067,PMCC_PROFIT_EARLY,5280.101390392267
2021-09-29 15:00:00-04:00,SHORT_CALL,BUY_TO_CLOSE,382.0892801856995,2021-10-30 00:00:00-04:00,1,3.0926598103843475,359.35,0.2526719940185547,0.21299078812605793,1.8555958862306086,1.0,45.28242070122343,L0017,S0068,PMCC_PROFIT_EARLY,4967.979813467601
2021-09-29 15:00:00-04:00,SHORT_CALL,SELL_TO_OPEN,380.8466541099548,2021-10-31 00:00:00-04:00,1,3.467138065333671,359.35,0.2526719940185547,0.23,2.0802828392002026,1.0,0.0,L0001,S0069,PMCC_OPEN_BULL_MODERATE,5311.613337161768
2021-09-29 15:00:00-04:00,SHORT_CALL,SELL_TO_OPEN,380.8466541099548,2021-10-31 00:00:00-04:00,1,3.467138065333671,359.35,0.2526719940185547,0.23,2.0802828392002026,1.0,0.0,L0004,S0070,PMCC_OPEN_BULL_MODERATE,5655.246860855935
2021-09-29 15:00:00-04:00,SHORT_CALL,SELL_TO_OPEN,380.8466541099548,2021-10-31 00:00:00-04:00,1,3.467138065333671,359.35,0.2526719940185547,0.23,2.0802828392002026,1.0,0.0,L0017,S0071,PMCC_OPEN_BULL_MODERATE,5998.880384550102
2021-10-01 10:00:00-04:00,SHORT_CALL,BUY_TO_CLOSE,380.8466541099548,2021-10-31 00:00:00-04:00,1,2.1655229792590305,356.41,0.23632000427246097,0.1724333988254821,1.2993137875554184,1.0,127.86219481990867,L0001,S0069,PMCC_PROFIT_EARLY,5780.028772836643
2021-10-01 10:00:00-04:00,SHORT_CALL,BUY_TO_CLOSE,380.8466541099548,2021-10-31 00:00:00-04:00,1,2.1655229792590305,356.41,0.23632000427246097,0.1724333988254821,1.2993137875554184,1.0,127.86219481990867,L0004,S0070,PMCC_PROFIT_EARLY,5561.177161123184
2021-10-01 10:00:00-04:00,SHORT_CALL,BUY_TO_CLOSE,380.8466541099548,2021-10-31 00:00:00-04:00,1,2.1655229792590305,356.41,0.23632000427246097,0.1724333988254821,1.2993137875554184,1.0,127.86219481990867,L0017,S0071,PMCC_PROFIT_EARLY,5342.325549409726
2021-10-01 15:00:00-04:00,SHORT_CALL,SELL_TO_OPEN,380.303940486908,2021-11-02 00:00:00-04:00,1,3.2582431853725637,360.25,0.23632000427246097,0.23,1.9549459112235383,1.0,0.0,L0001,S0072,PMCC_OPEN_BULL_MODERATE,5665.194922035758
2021-10-01 15:00:00-04:00,SHORT_CALL,SELL_TO_OPEN,380.303940486908,2021-11-02 00:00:00-04:00,1,3.2582431853725637,360.25,0.23632000427246097,0.23,1.9549459112235383,1.0,0.0,L0004,S0073,PMCC_OPEN_BULL_MODERATE,5988.064294661791
2021-10-01 15:00:00-04:00,SHORT_CALL,SELL_TO_OPEN,380.303940486908,2021-11-02 00:00:00-04:00,1,3.2582431853725637,360.25,0.23632000427246097,0.23,1.9549459112235383,1.0,0.0,L0017,S0074,PMCC_OPEN_BULL_MODERATE,6310.9336672878235
2021-10-04 10:00:00-04:00,SHORT_CALL,BUY_TO_CLOSE,380.303940486908,2021-11-02 00:00:00-04:00,1,1.954231394878164,352.08,0.25715198974609377,0.15213872415316854,1.1725388369268985,1.0,128.22864021251308,L0001,S0072,PMCC_PROFIT_EARLY,6113.3379889630805
2021-10-04 10:00:00-04:00,SHORT_CALL,BUY_TO_CLOSE,380.303940486908,2021-11-02 00:00:00-04:00,1,1.954231394878164,352.08,0.25715198974609377,0.15213872415316854,1.1725388369268985,1.0,128.22864021251308,L0004,S0073,PMCC_PROFIT_EARLY,5915.742310638338
2021-10-04 10:00:00-04:00,SHORT_CALL,BUY_TO_CLOSE,380.303940486908,2021-11-02 00:00:00-04:00,1,1.954231394878164,352.08,0.25715198974609377,0.15213872415316854,1.1725388369268985,1.0,128.22864021251308,L0017,S0074,PMCC_PROFIT_EARLY,5718.146632313595
2021-10-04 15:00:00-04:00,SHORT_CALL,SELL_TO_OPEN,374.2028816223144,2021-11-05 00:00:00-04:00,1,3.4609753752560266,352.7,0.25715198974609377,0.23,2.076585225153616,1.0,0.0,L0001,S0075,PMCC_OPEN_BULL_MODERATE,6061.167584614043
2021-10-04 15:00:00-04:00,SHORT_CALL,SELL_TO_OPEN,374.2028816223144,2021-11-05 00:00:00-04:00,1,3.4609753752560266,352.7,0.25715198974609377,0.23,2.076585225153616,1.0,0.0,L0004,S0076,PMCC_OPEN_BULL_MODERATE,6404.188536914492
2021-10-04 15:00:00-04:00,SHORT_CALL,SELL_TO_OPEN,374.2028816223144,2021-11-05 00:00:00-04:00,1,3.4609753752560266,352.7,0.25715198974609377,0.23,2.076585225153616,1.0,0.0,L0017,S0077,PMCC_OPEN_BULL_MODERATE,6747.209489214941
2021-10-11 15:00:00-04:00,SHORT_CALL,BUY_TO_CLOSE,374.2028816223144,2021-11-05 00:00:00-04:00,1,2.883791905657361,358.39,0.22400000000000003,0.2398692052671058,1.7302751433944168,1.0,54.98807181647214,L0001,S0075,PMCC_PROFIT_EARLY,6456.10002350581
2021-10-11 15:00:00-04:00,SHORT_CALL,BUY_TO_CLOSE,374.2028816223144,2021-11-05 00:00:00-04:00,1,2.883791905657361,358.39,0.22400000000000003,0.2398692052671058,1.7302751433944168,1.0,54.98807181647214,L0004,S0076,PMCC_PROFIT_EARLY,6164.990557796679
2021-10-11 15:00:00-04:00,SHORT_CALL,BUY_TO_CLOSE,374.2028816223144,2021-11-05 00:00:00-04:00,1,2.883791905657361,358.39,0.22400000000000003,0.2398692052671058,1.7302751433944168,1.0,54.98807181647214,L0017,S0077,PMCC_PROFIT_EARLY,5873.8810920875485
2021-10-11 15:00:00-04:00,SHORT_CALL,SELL_TO_OPEN,377.23205238342285,2021-11-11 23:00:00-05:00,1,3.077839039627264,358.39,0.22400000000000003,0.23,1.8467034237763584,1.0,0.0,L0001,S0078,PMCC_OPEN_BULL_MODERATE,6178.818292626498
2021-10-11 15:00:00-04:00,SHORT_CALL,SELL_TO_OPEN,377.23205238342285,2021-11-11 23:00:00-05:00,1,3.077839039627264,358.39,0.22400000000000003,0.23,1.8467034237763584,1.0,0.0,L0004,S0079,PMCC_OPEN_BULL_MODERATE,6483.755493165449
2021-10-11 15:00:00-04:00,SHORT_CALL,SELL_TO_OPEN,377.23205238342285,2021-11-11 23:00:00-05:00,1,3.077839039627264,358.39,0.22400000000000003,0.23,1.8467034237763584,1.0,0.0,L0017,S0080,PMCC_OPEN_BULL_MODERATE,6788.692693704399
2021-10-12 10:00:00-04:00,SHORT_CALL,BUY_TO_CLOSE,377.23205238342285,2021-11-11 23:00:00-05:00,1,2.5919330116337562,356.9,0.22232000427246096,0.20547692872025847,1.5551598069802537,1.0,46.03544299237052,L0001,S0078,PMCC_PROFIT_EARLY,6526.944232734043
2021-10-12 10:00:00-04:00,SHORT_CALL,BUY_TO_CLOSE,377.23205238342285,2021-11-11 23:00:00-05:00,1,2.5919330116337562,356.9,0.22232000427246096,0.20547692872025847,1.5551598069802537,1.0,46.03544299237052,L0004,S0079,PMCC_PROFIT_EARLY,6265.195771763687
2021-10-12 10:00:00-04:00,SHORT_CALL,BUY_TO_CLOSE,377.23205238342285,2021-11-11 23:00:00-05:00,1,2.5919330116337562,356.9,0.22232000427246096,0.20547692872025847,1.5551598069802537,1.0,46.03544299237052,L0017,S0080,PMCC_PROFIT_EARLY,6003.447310793331
2021-10-12 15:00:00-04:00,SHORT_CALL,SELL_TO_OPEN,375.7769943237305,2021-11-12 23:00:00-05:00,1,3.0447796016614035,357.15,0.22232000427246096,0.23,1.8268677609968422,1.0,0.0,L0001,S0081,PMCC_OPEN_BULL_MODERATE,6305.098403198474
2021-10-12 15:00:00-04:00,SHORT_CALL,SELL_TO_OPEN,375.7769943237305,2021-11-12 23:00:00-05:00,1,3.0447796016614035,357.15,0.22232000427246096,0.23,1.8268677609968422,1.0,0.0,L0004,S0082,PMCC_OPEN_BULL_MODERATE,6606.749495603618
2021-10-12 15:00:00-04:00,SHORT_CALL,SELL_TO_OPEN,375.7769943237305,2021-11-12 23:00:00-05:00,1,3.0447796016614035,357.15,0.22232000427246096,0.23,1.8268677609968422,1.0,0.0,L0017,S0083,PMCC_OPEN_BULL_MODERATE,6908.400588008762
2021-10-18 15:00:00-04:00,SHORT_CALL,BUY_TO_CLOSE,375.7769943237305,2021-11-12 23:00:00-05:00,1,5.825756437707355,372.65,0.1826719940185547,0.4418069342023666,2.0390147531975744,1.0,-281.1366983577927,L0001,S0081,PMCC_STRIKE_GAP,6322.785929484829
2021-10-18 15:00:00-04:00,SHORT_CALL,BUY_TO_CLOSE,375.7769943237305,2021-11-12 23:00:00-05:00,1,5.825756437707355,372.65,0.1826719940185547,0.4418069342023666,2.0390147531975744,1.0,-281.1366983577927,L0004,S0082,PMCC_STRIKE_GAP,5737.1712709608955
2021-10-18 15:00:00-04:00,SHORT_CALL,BUY_TO_CLOSE,375.7769943237305,2021-11-12 23:00:00-05:00,1,5.825756437707355,372.65,0.1826719940185547,0.4418069342023666,2.0390147531975744,1.0,-281.1366983577927,L0017,S0083,PMCC_STRIKE_GAP,5151.5566124369625
2021-11-30 15:00:00-05:00,SHORT_CALL,SELL_TO_OPEN,422.50993917846677,2022-01-01 00:00:00-05:00,1,4.544448300240433,393.66,0.30452800598144536,0.23,4.544448300240433,1.0,0.0,L0001,S0084,PMCC_OPEN_BULL_MODERATE,5600.456994160765
2021-11-30 15:00:00-05:00,SHORT_CALL,SELL_TO_OPEN,422.50993917846677,2022-01-01 00:00:00-05:00,1,4.544448300240433,393.66,0.30452800598144536,0.23,4.544448300240433,1.0,0.0,L0004,S0085,PMCC_OPEN_BULL_MODERATE,6049.357375884568
2021-11-30 15:00:00-05:00,SHORT_CALL,SELL_TO_OPEN,422.50993917846677,2022-01-01 00:00:00-05:00,1,4.544448300240433,393.66,0.30452800598144536,0.23,4.544448300240433,1.0,0.0,L0017,S0086,PMCC_OPEN_BULL_MODERATE,6498.25775760837
2021-12-02 10:00:00-05:00,SHORT_CALL,BUY_TO_CLOSE,422.50993917846677,2022-01-01 00:00:00-05:00,1,3.240149418260856,387.5,0.3130400085449219,0.17916946201644118,3.240149418260856,1.0,126.18973877969682,L0001,S0084,PMCC_PROFIT_EARLY,6170.002666364024
2021-12-02 10:00:00-05:00,SHORT_CALL,BUY_TO_CLOSE,422.50993917846677,2022-01-01 00:00:00-05:00,1,3.240149418260856,387.5,0.3130400085449219,0.17916946201644118,3.240149418260856,1.0,126.18973877969682,L0004,S0085,PMCC_PROFIT_EARLY,5841.747575119677
2021-12-02 10:00:00-05:00,SHORT_CALL,BUY_TO_CLOSE,422.50993917846677,2022-01-01 00:00:00-05:00,1,3.240149418260856,387.5,0.3130400085449219,0.17916946201644118,3.240149418260856,1.0,126.18973877969682,L0017,S0086,PMCC_PROFIT_EARLY,5513.49248387533
2021-12-02 15:00:00-05:00,SHORT_CALL,SELL_TO_OPEN,419.3835900726318,2022-01-03 00:00:00-05:00,1,4.621234991863872,389.93,0.3130400085449219,0.23,4.621234991863872,1.0,0.0,L0001,S0087,PMCC_OPEN_BULL_MODERATE,5969.994748069854
2021-12-02 15:00:00-05:00,SHORT_CALL,SELL_TO_OPEN,419.3835900726318,2022-01-03 00:00:00-05:00,1,4.621234991863872,389.93,0.3130400085449219,0.23,4.621234991863872,1.0,0.0,L0004,S0088,PMCC_OPEN_BULL_MODERATE,6426.497012264377
2021-12-02 15:00:00-05:00,SHORT_CALL,SELL_TO_OPEN,419.3835900726318,2022-01-03 00:00:00-05:00,1,4.621234991863872,389.93,0.3130400085449219,0.23,4.621234991863872,1.0,0.0,L0017,S0089,PMCC_OPEN_BULL_MODERATE,6882.999276458901
2021-12-03 10:00:00-05:00,SHORT_CALL,BUY_TO_CLOSE,419.3835900726318,2022-01-03 00:00:00-05:00,1,3.8934270204228767,382.55,0.34350400085449223,0.19273509247858794,3.8934270204228767,1.0,67.88737012367665,L0001,S0087,PMCC_PROFIT_EARLY,6488.76314739619
2021-12-03 10:00:00-05:00,SHORT_CALL,BUY_TO_CLOSE,419.3835900726318,2022-01-03 00:00:00-05:00,1,3.8934270204228767,382.55,0.34350400085449223,0.19273509247858794,3.8934270204228767,1.0,67.88737012367665,L0004,S0088,PMCC_PROFIT_EARLY,6094.52701833348
2021-12-03 10:00:00-05:00,SHORT_CALL,BUY_TO_CLOSE,419.3835900726318,2022-01-03 00:00:00-05:00,1,3.8934270204228767,382.55,0.34350400085449223,0.19273509247858794,3.8934270204228767,1.0,67.88737012367665,L0017,S0089,PMCC_PROFIT_EARLY,5700.290889270769
2021-12-03 15:00:00-05:00,SHORT_CALL,SELL_TO_OPEN,428.03672885131823,2022-01-04 00:00:00-05:00,1,2.8958336819902897,383.21,0.34350400085449223,0.15,2.89583368199029,1.0,0.0,L0001,S0090,PMCC_OPEN_BEAR,5985.9784237878075
2021-12-03 15:00:00-05:00,SHORT_CALL,SELL_TO_OPEN,428.03672885131823,2022-01-04 00:00:00-05:00,1,2.8958336819902897,383.21,0.34350400085449223,0.15,2.89583368199029,1.0,0.0,L0004,S0091,PMCC_OPEN_BEAR,6271.665958304846
2021-12-03 15:00:00-05:00,SHORT_CALL,SELL_TO_OPEN,428.03672885131823,2022-01-04 00:00:00-05:00,1,2.8958336819902897,383.21,0.34350400085449223,0.15,2.89583368199029,1.0,0.0,L0017,S0092,PMCC_OPEN_BEAR,6557.353492821884
2021-12-06 10:00:00-05:00,SHORT_CALL,BUY_TO_CLOSE,428.03672885131823,2022-01-04 00:00:00-05:00,1,1.6587577550684713,383.58,0.3044160034179688,0.10847106168484233,1.6587577550684713,1.0,121.04883493711338,L0001,S0090,PMCC_PROFIT_EARLY,6388.818959559969
2021-12-06 10:00:00-05:00,SHORT_CALL,BUY_TO_CLOSE,428.03672885131823,2022-01-04 00:00:00-05:00,1,1.6587577550684713,383.58,0.3044160034179688,0.10847106168484233,1.6587577550684713,1.0,121.04883493711338,L0004,S0091,PMCC_PROFIT_EARLY,6220.284426298053
2021-12-06 10:00:00-05:00,SHORT_CALL,BUY_TO_CLOSE,428.03672885131823,2022-01-04 00:00:00-05:00,1,1.6587577550684713,383.58,0.3044160034179688,0.10847106168484233,1.6587577550684713,1.0,121.04883493711338,L0017,S0092,PMCC_PROFIT_EARLY,6051.749893036138
2021-12-06 15:00:00-05:00,SHORT_CALL,SELL_TO_OPEN,425.88089760589605,2022-01-07 00:00:00-05:00,1,2.600086286338467,386.31,0.3044160034179688,0.15,2.600086286338467,1.0,0.0,L0001,S0093,PMCC_OPEN_BEAR,6308.158435383646
2021-12-06 15:00:00-05:00,SHORT_CALL,SELL_TO_OPEN,425.88089760589605,2022-01-07 00:00:00-05:00,1,2.600086286338467,386.31,0.3044160034179688,0.15,2.600086286338467,1.0,0.0,L0004,S0094,PMCC_OPEN_BEAR,6564.566977731154
2021-12-06 15:00:00-05:00,SHORT_CALL,SELL_TO_OPEN,425.88089760589605,2022-01-07 00:00:00-05:00,1,2.600086286338467,386.31,0.3044160034179688,0.15,2.600086286338467,1.0,0.0,L0017,S0095,PMCC_OPEN_BEAR,6820.975520078662
2021-12-07 10:00:00-05:00,SHORT_CALL,BUY_TO_CLOSE,425.88089760589605,2022-01-07 00:00:00-05:00,1,2.4814791987831057,396.71,0.24516799316406254,0.16937048991102344,1.4888875192698634,1.0,9.371821236266243,L0004,S0094,LEAPS_EXIT,6570.338712681082
2021-12-07 10:00:00-05:00,LEAPS,SELL_TO_CLOSE,240.10681134033203,2022-08-25 01:00:00-04:00,1,157.3108381334361,396.71,0.29376379180908213,0.9841114698685957,94.38650288006166,1.0,7060.639508526758,L0004,,ADAPTIVE_PROFIT_LOCK(83%),22206.036023144632
2021-12-07 10:00:00-05:00,SHORT_CALL,BUY_TO_CLOSE,425.88089760589605,2022-01-07 00:00:00-05:00,1,2.4814791987831057,396.71,0.24516799316406254,0.16937048991102344,1.4888875192698634,1.0,9.371821236266243,L0017,S0095,LEAPS_EXIT,21955.399215747053
2021-12-07 10:00:00-05:00,LEAPS,SELL_TO_CLOSE,250.64843626403808,2022-05-11 00:00:00-04:00,1,146.2869745762487,396.71,0.29376379180908213,0.9937111869046324,87.77218474574923,1.0,6220.716079709102,L0017,,ADAPTIVE_PROFIT_LOCK(76%),36495.324488626175
2021-12-08 10:00:00-05:00,SHORT_CALL,BUY_TO_CLOSE,425.88089760589605,2022-01-07 00:00:00-05:00,1,1.802866930235112,396.96,0.2228799957275391,0.14279316444871765,1.0817201581410671,1.0,77.64021545219441,L0001,S0093,PMCC_PROFIT_EARLY,36312.95607544452
2021-12-08 15:00:00-05:00,SHORT_CALL,SELL_TO_OPEN,428.86480454254155,2022-01-09 00:00:00-05:00,1,1.9900679819595837,399.62,0.2228799957275391,0.15,1.1940407891757503,1.0,0.0,L0001,S0096,PMCC_OPEN_BEAR,36509.7688328513
2021-12-09 15:00:00-05:00,SHORT_CALL,BUY_TO_CLOSE,428.86480454254155,2022-01-09 00:00:00-05:00,1,1.5819510897354547,393.74,0.2416959991455078,0.11954031854109382,0.9491706538412729,1.0,38.86251856857163,L0001,S0096,PMCC_PROFIT_EARLY,36349.62455322392
2021-12-09 15:00:00-05:00,SHORT_CALL,SELL_TO_OPEN,425.16166681671143,2022-01-10 00:00:00-05:00,1,2.1211696945333145,393.74,0.2416959991455078,0.15,1.2727018167199888,1.0,0.0,L0001,S0097,PMCC_OPEN_BEAR,36559.46882086053
2021-12-10 10:00:00-05:00,SHORT_CALL,BUY_TO_CLOSE,425.16166681671143,2022-01-10 00:00:00-05:00,1,1.4032038114402,395.14,0.20932800598144533,0.12116260082776098,0.84192228686412,1.0,69.95466602244733,L0001,S0097,PMCC_PROFIT_EARLY,36417.30651742964
2021-12-10 15:00:00-05:00,SHORT_CALL,SELL_TO_OPEN,417.5328150711059,2022-01-11 00:00:00-05:00,1,3.201145735171849,398.06,0.20932800598144533,0.23,1.9206874411031094,1.0,0.0,L0001,S0098,PMCC_OPEN_BULL_MODERATE,36734.50040350572
2021-12-13 10:00:00-05:00,SHORT_CALL,BUY_TO_CLOSE,417.5328150711059,2022-01-11 00:00:00-05:00,1,2.8202804025377333,395.16,0.2274719940185547,0.20430857726406543,1.69216824152264,1.0,35.394365021888916,L0001,S0098,PMCC_PROFIT_EARLY,36449.780195010426
2021-12-13 15:00:00-05:00,SHORT_CALL,SELL_TO_OPEN,413.2040357666016,2022-01-14 00:00:00-05:00,1,3.419248553221621,392.24,0.2274719940185547,0.23,2.0515491319329726,1.0,0.0,L0001,S0099,PMCC_OPEN_BULL_MODERATE,36788.65350120066
2021-12-14 10:00:00-05:00,SHORT_CALL,BUY_TO_CLOSE,413.2040357666016,2022-01-14 00:00:00-05:00,1,2.510096073611109,385.5,0.24516799316406254,0.1748872510389518,1.5060576441666655,1.0,88.40919031688452,L0001,S0099,PMCC_PROFIT_EARLY,36535.13783619538
2021-12-14 15:00:00-05:00,SHORT_CALL,SELL_TO_OPEN,410.8465200805664,2022-01-15 00:00:00-05:00,1,3.6393206517326178,388.35,0.24516799316406254,0.23,2.183592391039571,1.0,0.0,L0001,S0100,PMCC_OPEN_BULL_MODERATE,36895.886308977606
2021-12-15 10:00:00-05:00,SHORT_CALL,BUY_TO_CLOSE,410.8465200805664,2022-01-15 00:00:00-05:00,1,2.215180274629887,386.51,0.21604801025390627,0.17419405680569033,1.3291081647779321,1.0,140.08492954549516,L0001,S0100,PMCC_PROFIT_EARLY,36672.03917334984
2021-12-15 15:00:00-05:00,SHORT_CALL,SELL_TO_OPEN,417.1365096473694,2022-01-16 00:00:00-05:00,1,3.2924024396953087,397.05,0.21604801025390627,0.23,1.9754414638171853,1.0,0.0,L0001,S0101,PMCC_OPEN_BULL_MODERATE,36998.30397585555
2021-12-16 10:00:00-05:00,SHORT_CALL,BUY_TO_CLOSE,417.1365096473694,2022-01-16 00:00:00-05:00,1,2.8308429589712887,393.19,0.23038399658203126,0.19862785374910974,1.6985057753827733,1.0,43.45744229701921,L0001,S0101,PMCC_PROFIT_EARLY,36712.52117418304
2021-12-16 15:00:00-05:00,SHORT_CALL,SELL_TO_OPEN,407.82786879348754,2022-01-17 00:00:00-05:00,1,3.414165984651575,386.87,0.23038399658203126,0.23,2.048499590790945,1.0,0.0,L0001,S0102,PMCC_OPEN_BULL_MODERATE,37050.88927305741
2021-12-20 10:00:00-05:00,SHORT_CALL,BUY_TO_CLOSE,407.82786879348754,2022-01-17 00:00:00-05:00,1,2.1381514478591086,378.73,0.25614400939941406,0.15684832046013314,1.2828908687154652,1.0,125.31856281053118,L0001,S0102,PMCC_PROFIT_EARLY,36834.79123740278
2021-12-20 15:00:00-05:00,SHORT_CALL,SELL_TO_OPEN,403.7716659545898,2022-01-21 00:00:00-05:00,1,3.7214725555052013,380.66,0.25614400939941406,0.23,2.232883533303121,1.0,0.0,L0001,S0103,PMCC_OPEN_BULL_MODERATE,37203.705609419994
2021-12-21 10:00:00-05:00,SHORT_CALL,BUY_TO_CLOSE,403.7716659545898,2022-01-21 00:00:00-05:00,1,3.152358767100111,381.81,0.23531200256347662,0.21756772977507577,1.8914152602600667,1.0,54.01996358024894,L0001,S0103,PMCC_PROFIT_EARLY,36885.57831744973
2021-12-21 15:00:00-05:00,SHORT_CALL,SELL_TO_OPEN,410.7894899902343,2022-01-22 00:00:00-05:00,1,3.5058061826422744,389.21,0.23531200256347662,0.23,2.1034837095853645,1.0,0.0,L0001,S0104,PMCC_OPEN_BULL_MODERATE,37233.055452004366
2021-12-22 10:00:00-05:00,SHORT_CALL,BUY_TO_CLOSE,410.7894899902343,2022-01-22 00:00:00-05:00,1,3.1258484864717246,392.13,0.20865599060058598,0.23172558719151304,1.8755090918830348,1.0,35.12026052517194,L0001,S0104,PMCC_PROFIT_EARLY,36917.59509426531
2021-12-22 15:00:00-05:00,SHORT_CALL,SELL_TO_OPEN,413.12912988281244,2022-01-23 00:00:00-05:00,1,3.15814513067518,393.92,0.20865599060058598,0.23,1.8948870784051082,1.0,0.0,L0001,S0105,PMCC_OPEN_BULL_MODERATE,37230.51472025442
2021-12-31 10:00:00-05:00,SHORT_CALL,BUY_TO_CLOSE,413.12912988281244,2022-01-23 00:00:00-05:00,1,2.768344079766294,399.19,0.19286399230957033,0.2468899333947822,0.9689204279182029,1.0,37.011184662970436,L0001,S0105,PMCC_PROFIT_EARLY,36951.71139184987
2021-12-31 15:00:00-05:00,SHORT_CALL,SELL_TO_OPEN,415.38183297729495,2022-02-01 00:00:00-05:00,1,2.9526519120132235,397.56,0.19286399230957033,0.23,1.0334281692046283,1.0,0.0,L0001,S0106,PMCC_OPEN_BULL_MODERATE,37244.94315488199
2022-01-04 10:00:00-05:00,SHORT_CALL,BUY_TO_CLOSE,415.38183297729495,2022-02-01 00:00:00-05:00,1,1.981990127257049,395.37,0.18939199829101566,0.180387054687413,0.6936965445399672,1.0,95.37248193107749,L0001,S0106,PMCC_PROFIT_EARLY,37045.05044561175
2022-01-04 15:00:00-05:00,SHORT_CALL,SELL_TO_OPEN,413.9427654991149,2022-02-05 00:00:00-05:00,1,2.8930225415113995,396.49,0.18939199829101566,0.23,1.0125578895289897,1.0,0.0,L0001,S0107,PMCC_OPEN_BULL_MODERATE,37332.34014187336
2022-01-05 15:00:00-05:00,SHORT_CALL,BUY_TO_CLOSE,413.9427654991149,2022-02-05 00:00:00-05:00,1,1.5663370261032625,384.15,0.2209759948730469,0.12996624404263718,0.9398022156619575,1.0,130.72874932515174,L0001,S0107,PMCC_PROFIT_EARLY,37173.766637047374
2022-01-05 15:00:00-05:00,SHORT_CALL,SELL_TO_OPEN,404.07071794509886,2022-02-06 00:00:00-05:00,1,3.2559947499872663,384.15,0.2209759948730469,0.23,1.95359684999236,1.0,0.0,L0001,S0108,PMCC_OPEN_BULL_MODERATE,37496.412515196105
2022-01-07 10:00:00-05:00,SHORT_CALL,BUY_TO_CLOSE,404.07071794509886,2022-02-06 00:00:00-05:00,1,1.7523383173284657,379.07,0.21011200256347662,0.15174642021417684,1.0514029903970794,1.0,148.31424027548297,L0001,S0108,PMCC_PROFIT_EARLY,37319.127280472865
2022-01-07 15:00:00-05:00,SHORT_CALL,SELL_TO_OPEN,398.4865916671752,2022-02-08 00:00:00-05:00,1,3.0658344910680597,379.82,0.21011200256347662,0.23,1.8395006946408359,1.0,0.0,L0001,S0109,PMCC_OPEN_BULL_MODERATE,37622.87122888503
2022-01-10 10:00:00-05:00,SHORT_CALL,BUY_TO_CLOSE,398.4865916671752,2022-02-08 00:00:00-05:00,1,1.3407544389901247,370.4,0.21727999572753914,0.12269605251224885,0.8044526633940748,1.0,170.70355254439943,L0001,S0109,PMCC_PROFIT_EARLY,37486.99133232262
2022-01-10 15:00:00-05:00,SHORT_CALL,SELL_TO_OPEN,399.7136267852783,2022-02-11 00:00:00-05:00,1,3.171348552285224,380.34,0.21727999572753914,0.23,1.9028091313711344,1.0,0.0,L0001,S0110,PMCC_OPEN_BULL_MODERATE,37801.223378419774
2022-01-11 10:00:00-05:00,SHORT_CALL,BUY_TO_CLOSE,399.7136267852783,2022-02-11 00:00:00-05:00,1,2.494000577352125,379.38,0.20619199829101564,0.20125622989579411,1.496400346411275,1.0,65.23839714689862,L0001,S0110,PMCC_PROFIT_EARLY,37549.32692033815
2022-01-11 15:00:00-05:00,SHORT_CALL,SELL_TO_OPEN,404.5010559844971,2022-02-12 00:00:00-05:00,1,3.0582880633163683,385.9,0.20619199829101564,0.23,1.834972837989821,1.0,0.0,L0001,S0111,PMCC_OPEN_BULL_MODERATE,37852.320753831795
2022-01-13 15:00:00-05:00,SHORT_CALL,BUY_TO_CLOSE,404.5010559844971,2022-02-12 00:00:00-05:00,1,1.9259170299095203,377.68,0.2274719940185547,0.15433108951530994,1.1555502179457122,1.0,111.08155312273908,L0001,S0111,PMCC_PROFIT_EARLY,37657.57350062289
2022-01-13 15:00:00-05:00,SHORT_CALL,SELL_TO_OPEN,397.8896201477051,2022-02-14 00:00:00-05:00,1,3.2922413900929683,377.68,0.2274719940185547,0.23,1.975344834055781,1.0,0.0,L0001,S0112,PMCC_OPEN_BULL_MODERATE,37983.822294798134
2022-01-14 10:00:00-05:00,SHORT_CALL,BUY_TO_CLOSE,397.8896201477051,2022-02-14 00:00:00-05:00,1,2.7614685953631977,377.67,0.21492800598144532,0.21193516701150117,1.6568811572179187,1.0,50.420398315759144,L0001,S0112,PMCC_PROFIT_EARLY,37705.018554104594
2022-01-14 15:00:00-05:00,SHORT_CALL,SELL_TO_OPEN,399.20566168212895,2022-02-15 00:00:00-05:00,1,3.1358083204698204,380.06,0.21492800598144532,0.23,1.8814849922818924,1.0,0.0,L0001,S0113,PMCC_OPEN_BULL_MODERATE,38015.717901159296
2022-01-18 10:00:00-05:00,SHORT_CALL,BUY_TO_CLOSE,399.20566168212895,2022-02-15 00:00:00-05:00,1,2.5103904431128967,373.31,0.2552480102539063,0.18090634103310377,1.5062342658677381,1.0,60.035553469824634,L0001,S0113,PMCC_PROFIT_EARLY,37762.17262258214
2022-01-18 15:00:00-05:00,SHORT_CALL,SELL_TO_OPEN,393.26011688232416,2022-02-19 00:00:00-05:00,1,3.6127787112795176,370.8,0.2552480102539063,0.23,2.1676672267677106,1.0,0.0,L0001,S0114,PMCC_OPEN_BULL_MODERATE,38120.28282648332
2022-01-19 15:00:00-05:00,SHORT_CALL,BUY_TO_CLOSE,393.26011688232416,2022-02-19 00:00:00-05:00,1,2.953534936769799,366.53,0.26712000427246096,0.19393140475426512,1.7721209620618794,1.0,63.152256488909984,L0001,S0114,PMCC_PROFIT_EARLY,37822.15721184428
2022-01-19 15:00:00-05:00,SHORT_CALL,SELL_TO_OPEN,389.8603816986083,2022-02-20 00:00:00-05:00,1,3.7310028712466448,366.53,0.26712000427246096,0.23,2.238601722747987,1.0,0.0,L0001,S0115,PMCC_OPEN_BULL_MODERATE,38192.01889724619
2022-01-20 15:00:00-05:00,SHORT_CALL,BUY_TO_CLOSE,389.8603816986083,2022-02-20 00:00:00-05:00,1,3.15425693672168,361.61,0.2866080017089844,0.195691198231901,3.15425693672168,1.0,53.52033651577477,L0001,S0115,PMCC_PROFIT_EARLY,37872.4389466373
2022-01-20 15:00:00-05:00,SHORT_CALL,SELL_TO_OPEN,386.4541343078613,2022-02-21 00:00:00-05:00,1,3.9386597410778705,361.61,0.2866080017089844,0.23,3.9386597410778705,1.0,0.0,L0001,S0116,PMCC_OPEN_BULL_MODERATE,38261.36626100401
2022-01-21 15:00:00-05:00,SHORT_CALL,BUY_TO_CLOSE,386.4541343078613,2022-02-21 00:00:00-05:00,1,2.844939723842195,351.41,0.32312000427246096,0.16828335517802262,2.8449397238421956,1.0,105.52706199972533,L0001,S0116,PMCC_PROFIT_EARLY,37973.02734889595
2022-01-21 15:00:00-05:00,SHORT_CALL,SELL_TO_OPEN,378.9330772247314,2022-02-22 00:00:00-05:00,1,4.2927444566360435,351.41,0.32312000427246096,0.23,4.2927444566360435,1.0,0.0,L0001,S0117,PMCC_OPEN_BULL_MODERATE,38397.00905010292
2022-01-24 10:00:00-05:00,SHORT_CALL,BUY_TO_CLOSE,378.9330772247314,2022-02-22 00:00:00-05:00,1,2.627315642363648,343.47,0.3348799957275391,0.16048678377871117,2.6273156423636475,1.0,162.91556578487592,L0001,S0117,PMCC_PROFIT_EARLY,38130.65017022419
2022-01-24 15:00:00-05:00,SHORT_CALL,SELL_TO_OPEN,393.8338766326903,2022-02-25 00:00:00-05:00,1,2.607799532703808,353.58,0.3348799957275391,0.15,2.607799532703808,1.0,0.0,L0001,S0118,PMCC_OPEN_BEAR_SMA_FORCED,38387.82232396187
2022-01-25 10:00:00-05:00,SHORT_CALL,BUY_TO_CLOSE,393.8338766326903,2022-02-25 00:00:00-05:00,1,1.6433562582367003,344.41,0.3489919982910157,0.10274537464551303,1.6433562582367003,1.0,93.80097118847408,L0001,S0118,PMCC_PROFIT_EARLY,38220.84334187996
2022-01-25 15:00:00-05:00,SHORT_CALL,SELL_TO_OPEN,386.0513677825927,2022-02-26 00:00:00-05:00,1,2.646482790126086,344.94,0.3489919982910157,0.15,2.646482790126086,1.0,0.0,L0001,S0119,PMCC_OPEN_BEAR_SMA_FORCED,38481.84513810244
2022-01-27 15:00:00-05:00,SHORT_CALL,BUY_TO_CLOSE,386.0513677825927,2022-02-26 00:00:00-05:00,1,1.738650611031403,341.02,0.34148799743652347,0.1119212835374705,1.738650611031403,1.0,88.0445672984369,L0001,S0119,PMCC_PROFIT_EARLY,38305.24142638827
2022-01-27 15:00:00-05:00,SHORT_CALL,SELL_TO_OPEN,380.69968765258784,2022-02-28 00:00:00-05:00,1,2.5626182849913803,341.02,0.34148799743652347,0.15,2.56261828499138,1.0,0.0,L0001,S0120,PMCC_OPEN_BEAR_SMA_FORCED,38557.94063660241
2022-01-28 10:00:00-05:00,SHORT_CALL,BUY_TO_CLOSE,380.69968765258784,2022-02-28 00:00:00-05:00,1,2.271990576855309,344.86,0.30979199829101567,0.14723357574943857,2.271990576855309,1.0,25.7907802367518,L0001,S0120,PMCC_PROFIT_EARLY,38327.46958834003
2022-01-28 15:00:00-05:00,SHORT_CALL,SELL_TO_OPEN,388.74267341613773,2022-03-01 00:00:00-05:00,1,2.4089748882560187,351.95,0.30979199829101567,0.15,2.4089748882560187,1.0,0.0,L0001,S0121,PMCC_OPEN_BEAR_SMA_FORCED,38564.95810227737
2022-02-01 10:00:00-05:00,SHORT_CALL,BUY_TO_CLOSE,388.74267341613773,2022-03-01 00:00:00-05:00,1,1.9999024843505069,362.28,0.24595198974609378,0.15900025471920315,1.199941490610304,1.0,38.70729889994087,L0001,S0121,PMCC_PROFIT_EARLY,38362.76791235171
2022-03-01 15:00:00-05:00,SHORT_CALL,SELL_TO_OPEN,385.4109168090819,2022-04-02 01:00:00-04:00,1,2.793160011493086,341.52,0.37318399658203133,0.15,2.793160011493086,1.0,0.0,L0001,S0122,PMCC_OPEN_BEAR_SMA_FORCED,38638.29075348952
2022-03-02 10:00:00-05:00,SHORT_CALL,BUY_TO_CLOSE,385.4109168090819,2022-04-02 01:00:00-04:00,1,2.171656074223371,342.62,0.3442879974365235,0.1313520958296825,2.171656074223371,1.0,58.97873765274812,L0001,S0122,PMCC_PROFIT_EARLY,38417.95348999296
2022-03-04 15:00:00-05:00,SHORT_CALL,SELL_TO_OPEN,378.771325378418,2022-04-05 01:00:00-04:00,1,2.6530841571875357,337.35,0.3581759948730469,0.15,2.6530841571875357,1.0,0.0,L0001,S0123,PMCC_OPEN_BEAR_SMA_FORCED,38679.608821554524
2022-03-07 15:00:00-05:00,SHORT_CALL,BUY_TO_CLOSE,378.771325378418,2022-04-05 01:00:00-04:00,1,1.7103117728596366,324.83,0.40824000854492193,0.10107567966803954,3.4206235457192737,1.0,89.8566148870706,L0001,S0123,PMCC_PROFIT_EARLY,38504.15702072284
2022-03-07 15:00:00-05:00,SHORT_CALL,SELL_TO_OPEN,370.98405264282223,2022-04-08 01:00:00-04:00,1,2.8932336208069174,324.83,0.40824000854492193,0.15,5.786467241613834,1.0,0.0,L0001,S0124,PMCC_OPEN_BEAR_SMA_FORCED,38786.69391556192
2022-03-08 10:00:00-05:00,SHORT_CALL,BUY_TO_CLOSE,370.98405264282223,2022-04-08 01:00:00-04:00,1,2.412238145964622,324.63,0.39345601196289065,0.13479061323968072,4.824476291929244,1.0,42.27507119230026,L0001,S0124,PMCC_PROFIT_EARLY,38539.645624673525
2022-03-08 15:00:00-05:00,SHORT_CALL,SELL_TO_OPEN,367.36892797851556,2022-04-09 01:00:00-04:00,1,2.78041292130348,323.28,0.39345601196289065,0.15,5.56082584260696,1.0,0.0,L0001,S0125,PMCC_OPEN_BEAR_SMA_FORCED,38811.12609096127
2022-03-10 10:00:00-05:00,SHORT_CALL,BUY_TO_CLOSE,367.36892797851556,2022-04-09 01:00:00-04:00,1,2.0134861907341204,327.88,0.3385759948730469,0.13136277107970468,2.0134861907341204,1.0,73.67918686620183,L0001,S0125,PMCC_PROFIT_EARLY,38606.76398569712
2022-04-06 15:00:00-04:00,SHORT_CALL,SELL_TO_OPEN,382.289172592163,2022-05-08 00:00:00-04:00,1,1.9468824165402552,353.17,0.24752000427246096,0.15,1.1681294499241532,1.0,0.0,L0001,S0126,PMCC_OPEN_BEAR_SMA_FORCED,38799.284097901225
2022-04-07 10:00:00-04:00,SHORT_CALL,BUY_TO_CLOSE,382.289172592163,2022-05-08 00:00:00-04:00,1,1.6041130409708728,352.4,0.24135999145507814,0.13258540977852867,0.9624678245825237,1.0,32.31446973235572,L0001,S0126,PMCC_PROFIT_EARLY,38636.91032597955
2022-04-07 15:00:00-04:00,SHORT_CALL,SELL_TO_OPEN,382.55263936614995,2022-05-09 00:00:00-04:00,1,1.9051321933376357,354.13,0.24135999145507814,0.15,1.1430793160025814,1.0,0.0,L0001,S0127,PMCC_OPEN_BEAR_SMA_FORCED,38825.28046599731
2022-04-08 10:00:00-04:00,SHORT_CALL,BUY_TO_CLOSE,382.55263936614995,2022-05-09 00:00:00-04:00,1,1.4783239968298716,352.39,0.23699199829101564,0.1258227698467066,0.886994398097923,1.0,40.79382525267849,L0001,S0127,PMCC_PROFIT_EARLY,38675.56107191623
2022-04-08 15:00:00-04:00,SHORT_CALL,SELL_TO_OPEN,376.5597431488036,2022-05-10 00:00:00-04:00,1,1.8450964123934241,349.08,0.23699199829101564,0.15,1.1070578474360546,1.0,0.0,L0001,S0128,PMCC_OPEN_BEAR_SMA_FORCED,38857.96365530814
2022-04-11 10:00:00-04:00,SHORT_CALL,BUY_TO_CLOSE,376.5597431488036,2022-05-10 00:00:00-04:00,1,1.4296515536866679,342.15,0.2729440093994141,0.11505650951560653,0.8577909322120008,1.0,39.68669493846363,L0001,S0128,PMCC_PROFIT_EARLY,38713.14070900726
2022-04-11 15:00:00-04:00,SHORT_CALL,SELL_TO_OPEN,372.0955180053711,2022-05-13 00:00:00-04:00,1,2.065614205521399,340.88,0.2729440093994141,0.15,1.2393685233128395,1.0,0.0,L0001,S0129,PMCC_OPEN_BEAR_SMA_FORCED,38917.46276103609
2022-04-12 15:00:00-04:00,SHORT_CALL,BUY_TO_CLOSE,372.0955180053711,2022-05-13 00:00:00-04:00,1,1.7509859613423586,339.53,0.2717120025634766,0.13368752223751906,1.0505915768054153,1.0,29.412232841098643,L0001,S0129,PMCC_PROFIT_EARLY,38740.31357332505
2022-04-12 15:00:00-04:00,SHORT_CALL,SELL_TO_OPEN,370.49081934356684,2022-05-14 00:00:00-04:00,1,2.0483295917162465,339.53,0.2717120025634766,0.15,1.228997755029748,1.0,0.0,L0001,S0130,PMCC_OPEN_BEAR_SMA_FORCED,38942.917534741646
2022-04-13 10:00:00-04:00,SHORT_CALL,BUY_TO_CLOSE,370.49081934356684,2022-05-14 00:00:00-04:00,1,1.7713604291180687,342.58,0.24438399658203128,0.14564601973362018,1.0628162574708413,1.0,25.63410000234694,L0001,S0130,PMCC_PROFIT_EARLY,38763.71867557237
2022-04-13 15:00:00-04:00,SHORT_CALL,SELL_TO_OPEN,374.55724285888675,2022-05-15 00:00:00-04:00,1,1.8858802820053953,346.36,0.24438399658203128,0.15,1.1315281692032373,1.0,0.0,L0001,S0131,PMCC_OPEN_BEAR_SMA_FORCED,38950.175175603705
2022-04-14 10:00:00-04:00,SHORT_CALL,BUY_TO_CLOSE,374.55724285888675,2022-05-15 00:00:00-04:00,1,1.4423258209755332,342.1,0.2542400085449219,0.11945324408121294,0.8653954925853199,1.0,42.490050610400885,L0001,S0131,PMCC_PROFIT_EARLY,38804.07719801357
2022-04-14 15:00:00-04:00,SHORT_CALL,SELL_TO_OPEN,367.13916320800774,2022-05-16 00:00:00-04:00,1,1.9144505293511926,338.4,0.2542400085449219,0.15,1.1486703176107156,1.0,0.0,L0001,S0132,PMCC_OPEN_BEAR_SMA_FORCED,38993.37358063108
2022-04-18 10:00:00-04:00,SHORT_CALL,BUY_TO_CLOSE,367.13916320800774,2022-05-16 00:00:00-04:00,1,1.573821302606376,339.53,0.2483040008544922,0.13698621476979173,0.9442927815638257,1.0,32.118629892917824,L0001,S0132,PMCC_PROFIT_EARLY,38834.04715758888
2022-04-18 15:00:00-04:00,SHORT_CALL,SELL_TO_OPEN,367.03128872680657,2022-05-20 00:00:00-04:00,1,1.8743309015315006,338.96,0.2483040008544922,0.15,1.1245985409189003,1.0,0.0,L0001,S0133,PMCC_OPEN_BEAR_SMA_FORCED,39019.35564920111
2022-04-20 15:00:00-04:00,SHORT_CALL,BUY_TO_CLOSE,367.03128872680657,2022-05-20 00:00:00-04:00,1,1.5358786445138506,341.05,0.2275839965820313,0.13949166869915708,0.9215271867083104,1.0,31.923698515056685,L0001,S0133,PMCC_PROFIT_EARLY,38863.84625756302
2022-04-20 15:00:00-04:00,SHORT_CALL,SELL_TO_OPEN,366.8085485458374,2022-05-22 00:00:00-04:00,1,1.7330632500244008,341.05,0.2275839965820313,0.15,1.0398379500146404,1.0,0.0,L0001,S0134,PMCC_OPEN_BEAR_SMA_FORCED,39035.11274461544
2022-04-21 15:00:00-04:00,SHORT_CALL,BUY_TO_CLOSE,366.8085485458374,2022-05-22 00:00:00-04:00,1,1.3177088933928616,334.23,0.25401600341796876,0.1130944161473168,0.7906253360357169,1.0,39.744810327118216,L0001,S0134,PMCC_PROFIT_EARLY,38901.55122994012
2022-04-21 15:00:00-04:00,SHORT_CALL,SELL_TO_OPEN,362.6037993850707,2022-05-23 00:00:00-04:00,1,1.889382803029477,334.23,0.25401600341796876,0.15,1.1336296818176863,1.0,0.0,L0001,S0135,PMCC_OPEN_BEAR_SMA_FORCED,39088.355880561256
2022-04-22 10:00:00-04:00,SHORT_CALL,BUY_TO_CLOSE,362.6037993850707,2022-05-23 00:00:00-04:00,1,2.8347630718034367,331.53,0.3159519897460938,0.1788455585079583,2.8347630718034367,1.0,-98.37278994919939,L0001,S0135,LEAPS_EXIT,38801.04481030911
2022-04-22 10:00:00-04:00,LEAPS,SELL_TO_CLOSE,239.46733148193363,2022-08-19 01:00:00-04:00,1,93.71474916023996,331.53,0.3413409889221192,0.9624253611418532,93.71474916023996,1.0,89.45895909977298,L0001,,ADAPTIVE_DTE_ROLL(dte=119<120),48077.80497717287
2023-04-25 15:00:00-04:00,LEAPS,BUY_TO_OPEN,258.9678220367432,2024-04-24 00:00:00-04:00,2,70.31729801061994,309.95,0.25175920307159433,0.8499971142746792,84.38075761274392,2.0,0.0,L0136,,ENTRY_BULL_STRONG,33927.96461743614
2023-08-08 15:00:00-04:00,LEAPS,BUY_TO_OPEN,317.5474072265625,2024-08-07 00:00:00-04:00,2,78.05899662739054,371.94,0.22865699672698975,0.8500098862041394,54.64129763917338,2.0,0.0,L0137,,ENTRY_BULL_STRONG,18259.523994318857
2023-08-18 15:00:00-04:00,LEAPS,BUY_TO_OPEN,301.23904293823244,2024-08-17 00:00:00-04:00,2,80.11610114858286,358.14,0.24738998908996587,0.8499976593196155,56.081270804008,2.0,0.0,L0138,,ENTRY_BULL_STRONG,2178.2224937982774
2023-08-24 15:00:00-04:00,SHORT_CALL,SELL_TO_OPEN,375.6674121780395,2023-09-25 00:00:00-04:00,2,3.4696540493469,361.11,0.1926400085449219,0.28,2.42875783454283,2.0,0.0,L0136,S0139,PMCC_OPEN_BULL_STRONG,2867.7245458331145
2023-08-24 15:00:00-04:00,SHORT_CALL,SELL_TO_OPEN,375.6674121780395,2023-09-25 00:00:00-04:00,2,3.4696540493469,361.11,0.1926400085449219,0.28,2.42875783454283,2.0,0.0,L0137,S0140,PMCC_OPEN_BULL_STRONG,3557.2265978679516
2023-08-24 15:00:00-04:00,SHORT_CALL,SELL_TO_OPEN,375.6674121780395,2023-09-25 00:00:00-04:00,2,3.4696540493469,361.11,0.1926400085449219,0.28,2.42875783454283,2.0,0.0,L0138,S0141,PMCC_OPEN_BULL_STRONG,4246.728649902789
2023-08-25 10:00:00-04:00,SHORT_CALL,BUY_TO_CLOSE,375.6674121780395,2023-09-25 00:00:00-04:00,2,2.200950127382953,358.73,0.17561600341796874,0.2154585245731372,1.540665089168067,2.0,250.20011930362142,L0136,S0139,PMCC_PROFIT_EARLY,3802.99795933703
2023-08-25 10:00:00-04:00,SHORT_CALL,BUY_TO_CLOSE,375.6674121780395,2023-09-25 00:00:00-04:00,2,2.200950127382953,358.73,0.17561600341796874,0.2154585245731372,1.540665089168067,2.0,250.20011930362142,L0137,S0140,PMCC_PROFIT_EARLY,3359.267268771271
2023-08-25 10:00:00-04:00,SHORT_CALL,BUY_TO_CLOSE,375.6674121780395,2023-09-25 00:00:00-04:00,2,2.200950127382953,358.73,0.17561600341796874,0.2154585245731372,1.540665089168067,2.0,250.20011930362142,L0138,S0141,PMCC_PROFIT_EARLY,2915.5365782055123
2023-08-25 15:00:00-04:00,SHORT_CALL,SELL_TO_OPEN,377.5352736091613,2023-09-26 00:00:00-04:00,2,3.197234432275337,364.07,0.17561600341796874,0.28,2.238064102592736,2.0,0.0,L0136,S0142,PMCC_OPEN_BULL_STRONG,3550.745400557987
2023-08-25 15:00:00-04:00,SHORT_CALL,SELL_TO_OPEN,377.5352736091613,2023-09-26 00:00:00-04:00,2,3.197234432275337,364.07,0.17561600341796874,0.28,2.238064102592736,2.0,0.0,L0137,S0143,PMCC_OPEN_BULL_STRONG,4185.954222910462
2023-08-25 15:00:00-04:00,SHORT_CALL,SELL_TO_OPEN,377.5352736091613,2023-09-26 00:00:00-04:00,2,3.197234432275337,364.07,0.17561600341796874,0.28,2.238064102592736,2.0,0.0,L0138,S0144,PMCC_OPEN_BULL_STRONG,4821.163045262936
2023-08-29 10:00:00-04:00,SHORT_CALL,BUY_TO_CLOSE,377.5352736091613,2023-09-26 00:00:00-04:00,2,4.877861045159676,372.0,0.16183999786376957,0.4144741926182508,3.4145027316117735,2.0,-341.5398253084795,L0136,S0142,PMCC_STRIKE_GAP,3840.1763334993893
2023-08-29 10:00:00-04:00,SHORT_CALL,BUY_TO_CLOSE,377.5352736091613,2023-09-26 00:00:00-04:00,2,4.877861045159676,372.0,0.16183999786376957,0.4144741926182508,3.4145027316117735,2.0,-341.5398253084795,L0137,S0143,PMCC_STRIKE_GAP,2859.1896217358426
2023-08-29 10:00:00-04:00,SHORT_CALL,BUY_TO_CLOSE,377.5352736091613,2023-09-26 00:00:00-04:00,2,4.877861045159676,372.0,0.16183999786376957,0.4144741926182508,3.4145027316117735,2.0,-341.5398253084795,L0138,S0144,PMCC_STRIKE_GAP,1878.2029099722956
2023-08-29 15:00:00-04:00,SHORT_CALL,SELL_TO_OPEN,387.5894726829528,2023-09-30 00:00:00-04:00,2,3.0389845848988557,374.73,0.16183999786376957,0.28,2.127289209429199,2.0,0.0,L0136,S0145,PMCC_OPEN_BULL_STRONG,2481.8725377426376
2023-08-29 15:00:00-04:00,SHORT_CALL,SELL_TO_OPEN,387.5894726829528,2023-09-30 00:00:00-04:00,2,3.0389845848988557,374.73,0.16183999786376957,0.28,2.127289209429199,2.0,0.0,L0137,S0146,PMCC_OPEN_BULL_STRONG,3085.5421655129794
2023-08-29 15:00:00-04:00,SHORT_CALL,SELL_TO_OPEN,387.5894726829528,2023-09-30 00:00:00-04:00,2,3.0389845848988557,374.73,0.16183999786376957,0.28,2.127289209429199,2.0,0.0,L0138,S0147,PMCC_OPEN_BULL_STRONG,3689.211793283321
2023-09-06 10:00:00-04:00,SHORT_CALL,BUY_TO_CLOSE,387.5894726829528,2023-09-30 00:00:00-04:00,2,2.0339637535956285,374.25,0.16183999786376957,0.2298922936453921,1.42377462751694,2.0,197.5803916331285,L0136,S0145,PMCC_PROFIT_EARLY,3278.9952679366784
2023-09-06 10:00:00-04:00,SHORT_CALL,BUY_TO_CLOSE,387.5894726829528,2023-09-30 00:00:00-04:00,2,2.0339637535956285,374.25,0.16183999786376957,0.2298922936453921,1.42377462751694,2.0,197.5803916331285,L0137,S0146,PMCC_PROFIT_EARLY,2868.7787425900356
2023-09-06 10:00:00-04:00,SHORT_CALL,BUY_TO_CLOSE,387.5894726829528,2023-09-30 00:00:00-04:00,2,2.0339637535956285,374.25,0.16183999786376957,0.2298922936453921,1.42377462751694,2.0,197.5803916331285,L0138,S0147,PMCC_PROFIT_EARLY,2458.5622172433928
2023-09-07 15:00:00-04:00,SHORT_CALL,SELL_TO_OPEN,384.7445209178925,2023-10-09 00:00:00-04:00,2,3.006790241659857,372.03,0.16127999572753904,0.28,2.1047531691619,2.0,0.0,L0136,S0148,PMCC_OPEN_BULL_STRONG,3055.8155124062023
2023-09-07 15:00:00-04:00,SHORT_CALL,SELL_TO_OPEN,384.7445209178925,2023-10-09 00:00:00-04:00,2,3.006790241659857,372.03,0.16127999572753904,0.28,2.1047531691619,2.0,0.0,L0137,S0149,PMCC_OPEN_BULL_STRONG,3653.068807569012
2023-09-07 15:00:00-04:00,SHORT_CALL,SELL_TO_OPEN,384.7445209178925,2023-10-09 00:00:00-04:00,2,3.006790241659857,372.03,0.16127999572753904,0.28,2.1047531691619,2.0,0.0,L0138,S0150,PMCC_OPEN_BULL_STRONG,4250.322102731821
2023-09-15 10:00:00-04:00,SHORT_CALL,BUY_TO_CLOSE,384.7445209178925,2023-10-09 00:00:00-04:00,2,1.7987103565326947,371.46,0.15444799957275393,0.2178501169914589,1.2590972495728863,2.0,238.35687977585957,L0136,S0148,PMCC_PROFIT_EARLY,3887.3209341757097
2023-09-15 10:00:00-04:00,SHORT_CALL,BUY_TO_CLOSE,384.7445209178925,2023-10-09 00:00:00-04:00,2,1.7987103565326947,371.46,0.15444799957275393,0.2178501169914589,1.2590972495728863,2.0,238.35687977585957,L0137,S0149,PMCC_PROFIT_EARLY,3524.319765619598
2023-09-15 10:00:00-04:00,SHORT_CALL,BUY_TO_CLOSE,384.7445209178925,2023-10-09 00:00:00-04:00,2,1.7987103565326947,371.46,0.15444799957275393,0.2178501169914589,1.2590972495728863,2.0,238.35687977585957,L0138,S0150,PMCC_PROFIT_EARLY,3161.3185970634863
2023-09-15 15:00:00-04:00,SHORT_CALL,SELL_TO_OPEN,382.84476314544673,2023-10-17 00:00:00-04:00,2,2.871777573745902,370.66,0.15444799957275393,0.28,2.0102443016221314,2.0,0.0,L0136,S0151,PMCC_OPEN_BULL_STRONG,3731.6638675110444
2023-09-15 15:00:00-04:00,SHORT_CALL,SELL_TO_OPEN,382.84476314544673,2023-10-17 00:00:00-04:00,2,2.871777573745902,370.66,0.15444799957275393,0.28,2.0102443016221314,2.0,0.0,L0137,S0152,PMCC_OPEN_BULL_STRONG,4302.009137958603
2023-09-15 15:00:00-04:00,SHORT_CALL,SELL_TO_OPEN,382.84476314544673,2023-10-17 00:00:00-04:00,2,2.871777573745902,370.66,0.15444799957275393,0.28,2.0102443016221314,2.0,0.0,L0138,S0153,PMCC_OPEN_BULL_STRONG,4872.354408406161
2023-09-19 10:00:00-04:00,SHORT_CALL,BUY_TO_CLOSE,382.84476314544673,2023-10-17 00:00:00-04:00,2,1.7145490913119374,366.93,0.1580319961547852,0.19625206606578383,1.2001843639183563,2.0,228.24551212287457,L0136,S0151,PMCC_PROFIT_EARLY,4526.244405779856
2023-09-19 10:00:00-04:00,SHORT_CALL,BUY_TO_CLOSE,382.84476314544673,2023-10-17 00:00:00-04:00,2,1.7145490913119374,366.93,0.1580319961547852,0.19625206606578383,1.2001843639183563,2.0,228.24551212287457,L0137,S0152,PMCC_PROFIT_EARLY,4180.13440315355
2023-09-19 10:00:00-04:00,SHORT_CALL,BUY_TO_CLOSE,382.84476314544673,2023-10-17 00:00:00-04:00,2,1.7145490913119374,366.93,0.1580319961547852,0.19625206606578383,1.2001843639183563,2.0,228.24551212287457,L0138,S0153,PMCC_PROFIT_EARLY,3834.0244005272443
2023-09-19 15:00:00-04:00,SHORT_CALL,SELL_TO_OPEN,382.28798341369634,2023-10-21 00:00:00-04:00,2,2.930568264735456,369.87,0.1580319961547852,0.28,2.051397785314819,2.0,0.0,L0136,S0154,PMCC_OPEN_BULL_STRONG,4416.0866556890205
2023-09-19 15:00:00-04:00,SHORT_CALL,SELL_TO_OPEN,382.28798341369634,2023-10-21 00:00:00-04:00,2,2.930568264735456,369.87,0.1580319961547852,0.28,2.051397785314819,2.0,0.0,L0137,S0155,PMCC_OPEN_BULL_STRONG,4998.148910850797
2023-09-19 15:00:00-04:00,SHORT_CALL,SELL_TO_OPEN,382.28798341369634,2023-10-21 00:00:00-04:00,2,2.930568264735456,369.87,0.1580319961547852,0.28,2.051397785314819,2.0,0.0,L0138,S0156,PMCC_OPEN_BULL_STRONG,5580.211166012573
2023-09-20 15:00:00-04:00,SHORT_CALL,BUY_TO_CLOSE,382.28798341369634,2023-10-21 00:00:00-04:00,2,1.949856593757005,364.54,0.16956800384521487,0.19880000456524194,1.3648996156299036,2.0,192.7774345800603,L0136,S0154,PMCC_PROFIT_EARLY,5186.874947645542
2023-09-20 15:00:00-04:00,SHORT_CALL,BUY_TO_CLOSE,382.28798341369634,2023-10-21 00:00:00-04:00,2,1.949856593757005,364.54,0.16956800384521487,0.19880000456524194,1.3648996156299036,2.0,192.7774345800603,L0137,S0155,PMCC_PROFIT_EARLY,4793.538729278512
2023-09-20 15:00:00-04:00,SHORT_CALL,BUY_TO_CLOSE,382.28798341369634,2023-10-21 00:00:00-04:00,2,1.949856593757005,364.54,0.16956800384521487,0.19880000456524194,1.3648996156299036,2.0,192.7774345800603,L0138,S0156,PMCC_PROFIT_EARLY,4400.202510911481
2023-09-20 15:00:00-04:00,SHORT_CALL,SELL_TO_OPEN,377.5943489456176,2023-10-22 00:00:00-04:00,2,3.093757623277696,364.54,0.16956800384521487,0.28,2.1656303362943876,2.0,0.0,L0136,S0157,PMCC_OPEN_BULL_STRONG,5014.788405230726
2023-09-20 15:00:00-04:00,SHORT_CALL,SELL_TO_OPEN,377.5943489456176,2023-10-22 00:00:00-04:00,2,3.093757623277696,364.54,0.16956800384521487,0.28,2.1656303362943876,2.0,0.0,L0137,S0158,PMCC_OPEN_BULL_STRONG,5629.3742995499715
2023-09-20 15:00:00-04:00,SHORT_CALL,SELL_TO_OPEN,377.5943489456176,2023-10-22 00:00:00-04:00,2,3.093757623277696,364.54,0.16956800384521487,0.28,2.1656303362943876,2.0,0.0,L0138,S0159,PMCC_OPEN_BULL_STRONG,6243.960193869217
2023-09-21 15:00:00-04:00,SHORT_CALL,BUY_TO_CLOSE,377.5943489456176,2023-10-22 00:00:00-04:00,2,2.253641042426267,357.77,0.19644801025390626,0.20195117599558482,1.577548729698387,2.0,164.44576744058747,L0136,S0157,PMCC_PROFIT_EARLY,5789.654436654265
2023-09-21 15:00:00-04:00,SHORT_CALL,BUY_TO_CLOSE,377.5943489456176,2023-10-22 00:00:00-04:00,2,2.253641042426267,357.77,0.19644801025390626,0.20195117599558482,1.577548729698387,2.0,164.44576744058747,L0137,S0158,PMCC_PROFIT_EARLY,5335.348679439313
2023-09-21 15:00:00-04:00,SHORT_CALL,BUY_TO_CLOSE,377.5943489456176,2023-10-22 00:00:00-04:00,2,2.253641042426267,357.77,0.19644801025390626,0.20195117599558482,1.577548729698387,2.0,164.44576744058747,L0138,S0159,PMCC_PROFIT_EARLY,4881.042922224361
2023-09-21 15:00:00-04:00,SHORT_CALL,SELL_TO_OPEN,372.4614929161071,2023-10-23 00:00:00-04:00,2,3.5037272077625374,357.77,0.19644801025390626,0.28,2.452609045433776,2.0,0.0,L0136,S0160,PMCC_OPEN_BULL_STRONG,5577.3357547314345
2023-09-21 15:00:00-04:00,SHORT_CALL,SELL_TO_OPEN,372.4614929161071,2023-10-23 00:00:00-04:00,2,3.5037272077625374,357.77,0.19644801025390626,0.28,2.452609045433776,2.0,0.0,L0137,S0161,PMCC_OPEN_BULL_STRONG,6273.628587238508
2023-09-21 15:00:00-04:00,SHORT_CALL,SELL_TO_OPEN,372.4614929161071,2023-10-23 00:00:00-04:00,2,3.5037272077625374,357.77,0.19644801025390626,0.28,2.452609045433776,2.0,0.0,L0138,S0162,PMCC_OPEN_BULL_STRONG,6969.921419745581
2023-09-25 10:00:00-04:00,SHORT_CALL,BUY_TO_CLOSE,372.4614929161071,2023-10-23 00:00:00-04:00,2,2.5325824213767874,356.78,0.18927999572753906,0.23682962413640146,1.7728076949637512,2.0,190.45614958218624,L0136,S0160,PMCC_PROFIT_EARLY,6459.63212777526
2023-09-25 10:00:00-04:00,SHORT_CALL,BUY_TO_CLOSE,372.4614929161071,2023-10-23 00:00:00-04:00,2,2.5325824213767874,356.78,0.18927999572753906,0.23682962413640146,1.7728076949637512,2.0,190.45614958218624,L0137,S0161,PMCC_PROFIT_EARLY,5949.34283580494
2023-09-25 10:00:00-04:00,SHORT_CALL,BUY_TO_CLOSE,372.4614929161071,2023-10-23 00:00:00-04:00,2,2.5325824213767874,356.78,0.18927999572753906,0.23682962413640146,1.7728076949637512,2.0,190.45614958218624,L0138,S0162,PMCC_PROFIT_EARLY,5439.053543834619
2023-09-25 15:00:00-04:00,SHORT_CALL,SELL_TO_OPEN,373.9235242156983,2023-10-27 00:00:00-04:00,2,3.397355398721615,359.66,0.18927999572753906,0.28,2.3781487791051306,2.0,0.0,L0136,S0163,PMCC_OPEN_BULL_STRONG,6114.146474799836
2023-09-25 15:00:00-04:00,SHORT_CALL,SELL_TO_OPEN,373.9235242156983,2023-10-27 00:00:00-04:00,2,3.397355398721615,359.66,0.18927999572753906,0.28,2.3781487791051306,2.0,0.0,L0137,S0164,PMCC_OPEN_BULL_STRONG,6789.2394057650545
2023-09-25 15:00:00-04:00,SHORT_CALL,SELL_TO_OPEN,373.9235242156983,2023-10-27 00:00:00-04:00,2,3.397355398721615,359.66,0.18927999572753906,0.28,2.3781487791051306,2.0,0.0,L0138,S0165,PMCC_OPEN_BULL_STRONG,7464.332336730273
2023-09-26 15:00:00-04:00,SHORT_CALL,BUY_TO_CLOSE,373.9235242156983,2023-10-27 00:00:00-04:00,2,2.685822540774865,354.22,0.21212800598144532,0.22018081511701626,3.222987048929838,2.0,137.08358454042025,L0136,S0163,PMCC_PROFIT_EARLY,6921.9448415263705
2023-09-26 15:00:00-04:00,SHORT_CALL,BUY_TO_CLOSE,373.9235242156983,2023-10-27 00:00:00-04:00,2,2.685822540774865,354.22,0.21212800598144532,0.22018081511701626,3.222987048929838,2.0,137.08358454042025,L0137,S0164,PMCC_PROFIT_EARLY,6379.557346322468
2023-09-26 15:00:00-04:00,SHORT_CALL,BUY_TO_CLOSE,373.9235242156983,2023-10-27 00:00:00-04:00,2,2.685822540774865,354.22,0.21212800598144532,0.22018081511701626,3.222987048929838,2.0,137.08358454042025,L0138,S0165,PMCC_PROFIT_EARLY,5837.169851118566
2023-10-16 15:00:00-04:00,SHORT_CALL,SELL_TO_OPEN,384.39111083221445,2023-11-16 23:00:00-05:00,2,3.552158062163798,369.48,0.19275198974609378,0.28,2.486510643514659,2.0,0.0,L0136,S0166,PMCC_OPEN_BULL_STRONG,6543.114952907811
2023-10-16 15:00:00-04:00,SHORT_CALL,SELL_TO_OPEN,384.39111083221445,2023-11-16 23:00:00-05:00,2,3.552158062163798,369.48,0.19275198974609378,0.28,2.486510643514659,2.0,0.0,L0137,S0167,PMCC_OPEN_BULL_STRONG,7249.060054697056
2023-10-16 15:00:00-04:00,SHORT_CALL,SELL_TO_OPEN,384.39111083221445,2023-11-16 23:00:00-05:00,2,3.552158062163798,369.48,0.19275198974609378,0.28,2.486510643514659,2.0,0.0,L0138,S0168,PMCC_OPEN_BULL_STRONG,7955.0051564863015
2023-10-18 15:00:00-04:00,SHORT_CALL,BUY_TO_CLOSE,384.39111083221445,2023-11-16 23:00:00-05:00,2,2.5165732231042313,363.09,0.2152639923095703,0.20555902088938943,3.019887867725078,2.0,202.0970799441883,L0136,S0166,PMCC_PROFIT_EARLY,7446.67062399773
2023-10-18 15:00:00-04:00,SHORT_CALL,BUY_TO_CLOSE,384.39111083221445,2023-11-16 23:00:00-05:00,2,2.5165732231042313,363.09,0.2152639923095703,0.20555902088938943,3.019887867725078,2.0,202.0970799441883,L0137,S0167,PMCC_PROFIT_EARLY,6938.336091509159
2023-10-18 15:00:00-04:00,SHORT_CALL,BUY_TO_CLOSE,384.39111083221445,2023-11-16 23:00:00-05:00,2,2.5165732231042313,363.09,0.2152639923095703,0.20555902088938943,3.019887867725078,2.0,202.0970799441883,L0138,S0168,PMCC_PROFIT_EARLY,6430.001559020588
2023-10-18 15:00:00-04:00,SHORT_CALL,SELL_TO_OPEN,379.3666106643675,2023-11-18 23:00:00-05:00,2,3.8854430918494387,363.09,0.2152639923095703,0.28,4.662531710219326,2.0,0.0,L0136,S0169,PMCC_OPEN_BULL_STRONG,7200.427645680256
2023-10-18 15:00:00-04:00,SHORT_CALL,SELL_TO_OPEN,379.3666106643675,2023-11-18 23:00:00-05:00,2,3.8854430918494387,363.09,0.2152639923095703,0.28,4.662531710219326,2.0,0.0,L0137,S0170,PMCC_OPEN_BULL_STRONG,7970.853732339925
2023-10-18 15:00:00-04:00,SHORT_CALL,SELL_TO_OPEN,379.3666106643675,2023-11-18 23:00:00-05:00,2,3.8854430918494387,363.09,0.2152639923095703,0.28,4.662531710219326,2.0,0.0,L0138,S0171,PMCC_OPEN_BULL_STRONG,8741.279818999594
2023-10-20 10:00:00-04:00,SHORT_CALL,BUY_TO_CLOSE,379.3666106643675,2023-11-18 23:00:00-05:00,2,2.6364600378795444,355.13,0.24315198974609378,0.19774161608368857,3.1637520454554533,2.0,244.6328587485234,L0136,S0169,PMCC_PROFIT_EARLY,8208.82405937823
2023-10-20 10:00:00-04:00,SHORT_CALL,BUY_TO_CLOSE,379.3666106643675,2023-11-18 23:00:00-05:00,2,2.6364600378795444,355.13,0.24315198974609378,0.19774161608368857,3.1637520454554533,2.0,244.6328587485234,L0137,S0170,PMCC_PROFIT_EARLY,7676.368299756866
2023-10-20 10:00:00-04:00,SHORT_CALL,BUY_TO_CLOSE,379.3666106643675,2023-11-18 23:00:00-05:00,2,2.6364600378795444,355.13,0.24315198974609378,0.19774161608368857,3.1637520454554533,2.0,244.6328587485234,L0138,S0171,PMCC_PROFIT_EARLY,7143.912540135501
2023-10-20 15:00:00-04:00,SHORT_CALL,SELL_TO_OPEN,372.50345694732664,2023-11-20 23:00:00-05:00,2,4.26863707766519,354.62,0.24315198974609378,0.28,5.122364493198228,2.0,0.0,L0136,S0172,PMCC_OPEN_BULL_STRONG,7990.517591175341
2023-10-20 15:00:00-04:00,SHORT_CALL,SELL_TO_OPEN,372.50345694732664,2023-11-20 23:00:00-05:00,2,4.26863707766519,354.62,0.24315198974609378,0.28,5.122364493198228,2.0,0.0,L0137,S0173,PMCC_OPEN_BULL_STRONG,8837.122642215181
2023-10-20 15:00:00-04:00,SHORT_CALL,SELL_TO_OPEN,372.50345694732664,2023-11-20 23:00:00-05:00,2,4.26863707766519,354.62,0.24315198974609378,0.28,5.122364493198228,2.0,0.0,L0138,S0174,PMCC_OPEN_BULL_STRONG,9683.727693255021
2023-10-25 10:00:00-04:00,SHORT_CALL,BUY_TO_CLOSE,372.50345694732664,2023-11-20 23:00:00-05:00,2,2.815806379731839,353.85,0.22612800598144533,0.22945870213330627,3.378967655678207,2.0,285.1871719309919,L0136,S0172,PMCC_PROFIT_EARLY,9115.187449652974
2023-10-25 10:00:00-04:00,SHORT_CALL,BUY_TO_CLOSE,372.50345694732664,2023-11-20 23:00:00-05:00,2,2.815806379731839,353.85,0.22612800598144533,0.22945870213330627,3.378967655678207,2.0,285.1871719309919,L0137,S0173,PMCC_PROFIT_EARLY,8546.647206050928
2023-10-25 10:00:00-04:00,SHORT_CALL,BUY_TO_CLOSE,372.50345694732664,2023-11-20 23:00:00-05:00,2,2.815806379731839,353.85,0.22612800598144533,0.22945870213330627,3.378967655678207,2.0,285.1871719309919,L0138,S0174,PMCC_PROFIT_EARLY,7978.106962448882
2023-10-25 15:00:00-04:00,SHORT_CALL,SELL_TO_OPEN,370.61439067840575,2023-11-25 23:00:00-05:00,2,3.035926812345622,350.3,0.22612800598144533,0.23,3.643112174814746,2.0,0.0,L0136,S0175,PMCC_OPEN_BULL_MODERATE,8579.649212743192
2023-10-25 15:00:00-04:00,SHORT_CALL,SELL_TO_OPEN,370.61439067840575,2023-11-25 23:00:00-05:00,2,3.035926812345622,350.3,0.22612800598144533,0.23,3.643112174814746,2.0,0.0,L0137,S0176,PMCC_OPEN_BULL_MODERATE,9181.191463037501
2023-10-25 15:00:00-04:00,SHORT_CALL,SELL_TO_OPEN,370.61439067840575,2023-11-25 23:00:00-05:00,2,3.035926812345622,350.3,0.22612800598144533,0.23,3.643112174814746,2.0,0.0,L0138,S0177,PMCC_OPEN_BULL_MODERATE,9782.73371333181
2023-10-26 10:00:00-04:00,SHORT_CALL,BUY_TO_CLOSE,370.61439067840575,2023-11-25 23:00:00-05:00,2,2.4813059954028063,347.49,0.23161600341796876,0.19654479912378464,2.9775671944833677,2.0,105.94659619407975,L0136,S0175,PMCC_PROFIT_EARLY,9281.494947056766
2023-10-26 10:00:00-04:00,SHORT_CALL,BUY_TO_CLOSE,370.61439067840575,2023-11-25 23:00:00-05:00,2,2.4813059954028063,347.49,0.23161600341796876,0.19654479912378464,2.9775671944833677,2.0,105.94659619407975,L0137,S0176,PMCC_PROFIT_EARLY,8780.256180781722
2023-10-26 10:00:00-04:00,SHORT_CALL,BUY_TO_CLOSE,370.61439067840575,2023-11-25 23:00:00-05:00,2,2.4813059954028063,347.49,0.23161600341796876,0.19654479912378464,2.9775671944833677,2.0,105.94659619407975,L0138,S0177,PMCC_PROFIT_EARLY,8279.017414506678
2023-10-26 15:00:00-04:00,SHORT_CALL,SELL_TO_OPEN,364.060879623413,2023-11-26 23:00:00-05:00,2,3.048407814397862,343.66,0.23161600341796876,0.23,3.6580893772774346,2.0,0.0,L0136,S0178,PMCC_OPEN_BULL_MODERATE,8883.040888008973
2023-10-26 15:00:00-04:00,SHORT_CALL,SELL_TO_OPEN,364.060879623413,2023-11-26 23:00:00-05:00,2,3.048407814397862,343.66,0.23161600341796876,0.23,3.6580893772774346,2.0,0.0,L0137,S0179,PMCC_OPEN_BULL_MODERATE,9487.064361511268
2023-10-26 15:00:00-04:00,SHORT_CALL,SELL_TO_OPEN,364.060879623413,2023-11-26 23:00:00-05:00,2,3.048407814397862,343.66,0.23161600341796876,0.23,3.6580893772774346,2.0,0.0,L0138,S0180,PMCC_OPEN_BULL_MODERATE,10091.087835013563
2023-11-02 10:00:00-04:00,SHORT_CALL,BUY_TO_CLOSE,364.060879623413,2023-11-26 23:00:00-05:00,2,6.50100460299538,362.47,0.17539199829101565,0.5024656705976334,4.550703222096766,2.0,-697.0700609416002,L0136,S0178,PMCC_STRIKE_GAP,8784.33621119239
2023-11-02 10:00:00-04:00,SHORT_CALL,BUY_TO_CLOSE,364.060879623413,2023-11-26 23:00:00-05:00,2,6.50100460299538,362.47,0.17539199829101565,0.5024656705976334,4.550703222096766,2.0,-697.0700609416002,L0137,S0179,PMCC_STRIKE_GAP,7477.584587371218
2023-11-02 10:00:00-04:00,SHORT_CALL,BUY_TO_CLOSE,364.060879623413,2023-11-26 23:00:00-05:00,2,6.50100460299538,362.47,0.17539199829101565,0.5024656705976334,4.550703222096766,2.0,-697.0700609416002,L0138,S0180,PMCC_STRIKE_GAP,6170.832963550045
2023-11-03 15:00:00-04:00,SHORT_CALL,SELL_TO_OPEN,383.6421387825012,2023-12-04 23:00:00-05:00,2,2.373418142317348,367.73,0.16699199829101563,0.23,1.6613926996221438,2.0,0.0,L0136,S0181,PMCC_OPEN_BULL_MODERATE,6641.855199313893
2023-11-03 15:00:00-04:00,SHORT_CALL,SELL_TO_OPEN,383.6421387825012,2023-12-04 23:00:00-05:00,2,2.373418142317348,367.73,0.16699199829101563,0.23,1.6613926996221438,2.0,0.0,L0137,S0182,PMCC_OPEN_BULL_MODERATE,7112.87743507774
2023-11-03 15:00:00-04:00,SHORT_CALL,SELL_TO_OPEN,383.6421387825012,2023-12-04 23:00:00-05:00,2,2.373418142317348,367.73,0.16699199829101563,0.23,1.6613926996221438,2.0,0.0,L0138,S0183,PMCC_OPEN_BULL_MODERATE,7583.899670841588
2023-11-10 15:00:00-05:00,SHORT_CALL,BUY_TO_CLOSE,383.6421387825012,2023-12-04 23:00:00-05:00,2,4.5526496657543305,378.39,0.15870400085449218,0.4111675328764316,3.1868547660280315,2.0,-441.03315945342445,L0136,S0181,PMCC_STRIKE_GAP,6668.182882924694
2023-11-10 15:00:00-05:00,SHORT_CALL,BUY_TO_CLOSE,383.6421387825012,2023-12-04 23:00:00-05:00,2,4.5526496657543305,378.39,0.15870400085449218,0.4111675328764316,3.1868547660280315,2.0,-441.03315945342445,L0137,S0182,PMCC_STRIKE_GAP,5752.4660950078005
2023-11-10 15:00:00-05:00,SHORT_CALL,BUY_TO_CLOSE,383.6421387825012,2023-12-04 23:00:00-05:00,2,4.5526496657543305,378.39,0.15870400085449218,0.4111675328764316,3.1868547660280315,2.0,-441.03315945342445,L0138,S0183,PMCC_STRIKE_GAP,4836.749307090907
2024-01-26 10:00:00-05:00,LEAPS,SELL_TO_CLOSE,258.9678220367432,2024-04-24 00:00:00-04:00,2,170.40501882842378,426.11,0.18961800327301026,0.9999999810978484,119.28351317989664,2.0,19896.26065038087,L0136,,"ADAPTIVE_GAMMA_ROLL(dte=89,d=1.00)",38796.46955959576
2024-03-25 15:00:00-04:00,SHORT_CALL,SELL_TO_OPEN,458.7544233970642,2024-04-26 00:00:00-04:00,2,3.2991738037761706,444.74,0.14772799530029299,0.28,2.3094216626433197,2.0,0.0,L0137,S0184,PMCC_OPEN_BULL_STRONG,39451.994898688354
2024-03-25 15:00:00-04:00,SHORT_CALL,SELL_TO_OPEN,458.7544233970642,2024-04-26 00:00:00-04:00,2,3.2991738037761706,444.74,0.14772799530029299,0.28,2.3094216626433197,2.0,0.0,L0138,S0185,PMCC_OPEN_BULL_STRONG,40107.52023778095
2024-03-27 10:00:00-04:00,SHORT_CALL,BUY_TO_CLOSE,458.7544233970642,2024-04-26 00:00:00-04:00,2,2.409756985302664,442.9,0.14313599700927737,0.2320504948174652,1.686829889711865,2.0,174.19653380498943,L0137,S0184,PMCC_PROFIT_EARLY,39621.882010830705
2024-03-27 10:00:00-04:00,SHORT_CALL,BUY_TO_CLOSE,458.7544233970642,2024-04-26 00:00:00-04:00,2,2.409756985302664,442.9,0.14313599700927737,0.2320504948174652,1.686829889711865,2.0,174.19653380498943,L0138,S0185,PMCC_PROFIT_EARLY,39136.24378388046
2024-03-27 15:00:00-04:00,SHORT_CALL,SELL_TO_OPEN,458.5592739601134,2024-04-28 00:00:00-04:00,2,3.2000692778705115,444.93,0.14313599700927737,0.28,2.240048494509358,2.0,0.0,L0137,S0186,PMCC_OPEN_BULL_STRONG,39772.01759096005
2024-03-27 15:00:00-04:00,SHORT_CALL,SELL_TO_OPEN,458.5592739601134,2024-04-28 00:00:00-04:00,2,3.2000692778705115,444.93,0.14313599700927737,0.28,2.240048494509358,2.0,0.0,L0138,S0187,PMCC_OPEN_BULL_STRONG,40407.79139803964
2024-04-02 10:00:00-04:00,SHORT_CALL,BUY_TO_CLOSE,458.5592739601134,2024-04-28 00:00:00-04:00,2,1.806197756862062,438.39,0.1636319961547852,0.1779805447852632,1.2643384298034435,2.0,275.50996577188647,L0137,S0186,PMCC_PROFIT_EARLY,40043.28750823742
2024-04-02 10:00:00-04:00,SHORT_CALL,BUY_TO_CLOSE,458.5592739601134,2024-04-28 00:00:00-04:00,2,1.806197756862062,438.39,0.1636319961547852,0.1779805447852632,1.2643384298034435,2.0,275.50996577188647,L0138,S0187,PMCC_PROFIT_EARLY,39678.783618435205
2024-04-02 15:00:00-04:00,SHORT_CALL,SELL_TO_OPEN,456.3161610584258,2024-05-04 00:00:00-04:00,2,3.615581153109744,441.07,0.1636319961547852,0.28,2.530906807176821,2.0,0.0,L0137,S0188,PMCC_OPEN_BULL_STRONG,40397.368942249974
2024-04-02 15:00:00-04:00,SHORT_CALL,SELL_TO_OPEN,456.3161610584258,2024-05-04 00:00:00-04:00,2,3.615581153109744,441.07,0.1636319961547852,0.28,2.530906807176821,2.0,0.0,L0138,S0189,PMCC_OPEN_BULL_STRONG,41115.95426606474
2024-04-04 15:00:00-04:00,SHORT_CALL,BUY_TO_CLOSE,456.3161610584258,2024-05-04 00:00:00-04:00,2,2.711679677376793,435.24,0.18312000427246095,0.21387675478918555,1.8981757741637553,2.0,176.88211937242647,L0137,S0188,PMCC_PROFIT_EARLY,40569.72015481522
2024-04-04 15:00:00-04:00,SHORT_CALL,BUY_TO_CLOSE,456.3161610584258,2024-05-04 00:00:00-04:00,2,2.711679677376793,435.24,0.18312000427246095,0.21387675478918555,1.8981757741637553,2.0,176.88211937242647,L0138,S0189,PMCC_PROFIT_EARLY,40023.4860435657
2024-04-04 15:00:00-04:00,SHORT_CALL,SELL_TO_OPEN,451.93108474731446,2024-05-06 00:00:00-04:00,2,3.981156742270983,435.24,0.18312000427246095,0.28,2.786809719589688,2.0,0.0,L0137,S0190,PMCC_OPEN_BULL_STRONG,40814.93058230031
2024-04-04 15:00:00-04:00,SHORT_CALL,SELL_TO_OPEN,451.93108474731446,2024-05-06 00:00:00-04:00,2,3.981156742270983,435.24,0.18312000427246095,0.28,2.786809719589688,2.0,0.0,L0138,S0191,PMCC_OPEN_BULL_STRONG,41606.375121034915
2024-04-11 15:00:00-04:00,SHORT_CALL,BUY_TO_CLOSE,451.93108474731446,2024-05-06 00:00:00-04:00,2,5.620789594129434,445.46,0.16699199829101563,0.4105784404265955,3.9345527158906037,2.0,-333.8611230875807,L0137,S0190,PMCC_STRIKE_GAP,40476.282649493136
2024-04-11 15:00:00-04:00,SHORT_CALL,BUY_TO_CLOSE,451.93108474731446,2024-05-06 00:00:00-04:00,2,5.620789594129434,445.46,0.16699199829101563,0.4105784404265955,3.9345527158906037,2.0,-333.8611230875807,L0138,S0191,PMCC_STRIKE_GAP,39346.19017795136
2024-04-11 15:00:00-04:00,SHORT_CALL,SELL_TO_OPEN,461.1579176864624,2024-05-13 00:00:00-04:00,2,3.724634005052067,445.46,0.16699199829101563,0.28,2.607243803536447,2.0,0.0,L0137,S0192,PMCC_OPEN_BULL_STRONG,40086.50973515824
2024-04-11 15:00:00-04:00,SHORT_CALL,SELL_TO_OPEN,461.1579176864624,2024-05-13 00:00:00-04:00,2,3.724634005052067,445.46,0.16699199829101563,0.28,2.607243803536447,2.0,0.0,L0138,S0193,PMCC_OPEN_BULL_STRONG,40826.82929236512
2024-04-12 15:00:00-04:00,SHORT_CALL,BUY_TO_CLOSE,461.1579176864624,2024-05-13 00:00:00-04:00,2,2.936192360967013,438.31,0.1938719940185547,0.2140361007434025,2.055334652676909,2.0,153.63299416433392,L0137,S0192,PMCC_PROFIT_EARLY,40235.53548551904
2024-04-12 15:00:00-04:00,SHORT_CALL,BUY_TO_CLOSE,461.1579176864624,2024-05-13 00:00:00-04:00,2,2.936192360967013,438.31,0.1938719940185547,0.2140361007434025,2.055334652676909,2.0,153.63299416433392,L0138,S0193,PMCC_PROFIT_EARLY,39644.24167867296
2024-04-12 15:00:00-04:00,SHORT_CALL,SELL_TO_OPEN,456.0568198394775,2024-05-14 00:00:00-04:00,2,4.237579142671436,438.31,0.1938719940185547,0.28,2.9663053998700053,2.0,0.0,L0137,S0194,PMCC_OPEN_BULL_STRONG,40486.79120180738
2024-04-12 15:00:00-04:00,SHORT_CALL,SELL_TO_OPEN,456.0568198394775,2024-05-14 00:00:00-04:00,2,4.237579142671436,438.31,0.1938719940185547,0.28,2.9663053998700053,2.0,0.0,L0138,S0195,PMCC_OPEN_BULL_STRONG,41329.340724941794
2024-04-15 15:00:00-04:00,SHORT_CALL,BUY_TO_CLOSE,456.0568198394775,2024-05-14 00:00:00-04:00,2,2.886307969502141,430.99,0.2153759948730469,0.2026182837649848,3.4635695634025696,2.0,264.7906650704564,L0137,S0194,PMCC_PROFIT_EARLY,40746.615561477964
2024-04-15 15:00:00-04:00,SHORT_CALL,BUY_TO_CLOSE,456.0568198394775,2024-05-14 00:00:00-04:00,2,2.886307969502141,430.99,0.2153759948730469,0.2026182837649848,3.4635695634025696,2.0,264.7906650704564,L0138,S0195,PMCC_PROFIT_EARLY,40163.89039801413
2024-04-15 15:00:00-04:00,SHORT_CALL,SELL_TO_OPEN,450.2851150512695,2024-05-17 00:00:00-04:00,2,4.614020075423497,430.99,0.2153759948730469,0.28,5.536824090508197,2.0,0.0,L0137,S0196,PMCC_OPEN_BULL_STRONG,41079.157589008326
2024-04-15 15:00:00-04:00,SHORT_CALL,SELL_TO_OPEN,450.2851150512695,2024-05-17 00:00:00-04:00,2,4.614020075423497,430.99,0.2153759948730469,0.28,5.536824090508197,2.0,0.0,L0138,S0197,PMCC_OPEN_BULL_STRONG,41994.42478000252
2024-04-17 10:00:00-04:00,SHORT_CALL,BUY_TO_CLOSE,450.2851150512695,2024-05-17 00:00:00-04:00,2,3.421714999624598,429.36,0.20395198974609377,0.23856375774973915,4.106057999549518,2.0,232.35495716023024,L0137,S0196,PMCC_PROFIT_EARLY,41303.97572207805
2024-04-17 10:00:00-04:00,SHORT_CALL,BUY_TO_CLOSE,450.2851150512695,2024-05-17 00:00:00-04:00,2,3.421714999624598,429.36,0.20395198974609377,0.23856375774973915,4.106057999549518,2.0,232.35495716023024,L0138,S0197,PMCC_PROFIT_EARLY,40613.526664153585
2024-04-17 15:00:00-04:00,SHORT_CALL,SELL_TO_OPEN,443.8925691986084,2024-05-19 00:00:00-04:00,2,4.324421075932364,425.8,0.20395198974609377,0.28,5.189305291118837,2.0,0.0,L0137,S0198,PMCC_OPEN_BULL_STRONG,41471.22157404894
2024-04-17 15:00:00-04:00,SHORT_CALL,SELL_TO_OPEN,443.8925691986084,2024-05-19 00:00:00-04:00,2,4.324421075932364,425.8,0.20395198974609377,0.28,5.189305291118837,2.0,0.0,L0138,S0199,PMCC_OPEN_BULL_STRONG,42328.9164839443
2024-04-18 15:00:00-04:00,SHORT_CALL,BUY_TO_CLOSE,443.8925691986084,2024-05-19 00:00:00-04:00,2,3.447418304540548,423.36,0.2016,0.24167569366236957,4.136901965448658,2.0,169.26365231291436,L0137,S0198,PMCC_PROFIT_EARLY,41633.29592107074
2024-04-18 15:00:00-04:00,SHORT_CALL,BUY_TO_CLOSE,443.8925691986084,2024-05-19 00:00:00-04:00,2,3.447418304540548,423.36,0.2016,0.24167569366236957,4.136901965448658,2.0,169.26365231291436,L0138,S0199,PMCC_PROFIT_EARLY,40937.675358197186
2024-04-18 15:00:00-04:00,SHORT_CALL,SELL_TO_OPEN,441.15347790527346,2024-05-20 00:00:00-04:00,2,4.251297804884516,423.36,0.2016,0.28,5.101557365861419,2.0,0.0,L0137,S0200,PMCC_OPEN_BULL_STRONG,41780.833361808225
2024-04-18 15:00:00-04:00,SHORT_CALL,SELL_TO_OPEN,441.15347790527346,2024-05-20 00:00:00-04:00,2,4.251297804884516,423.36,0.2016,0.28,5.101557365861419,2.0,0.0,L0138,S0201,PMCC_OPEN_BULL_STRONG,42623.991365419264
2024-04-19 15:00:00-04:00,SHORT_CALL,BUY_TO_CLOSE,441.15347790527346,2024-05-20 00:00:00-04:00,2,2.4230233381728965,414.65,0.20955198974609376,0.18113008156536686,2.9076280058074757,2.0,360.74726533651636,L0137,S0200,PMCC_PROFIT_EARLY,42134.47906977888
2024-04-19 15:00:00-04:00,SHORT_CALL,BUY_TO_CLOSE,441.15347790527346,2024-05-20 00:00:00-04:00,2,2.4230233381728965,414.65,0.20955198974609376,0.18113008156536686,2.9076280058074757,2.0,360.74726533651636,L0138,S0201,PMCC_PROFIT_EARLY,41644.96677413849
2024-04-19 15:00:00-04:00,SHORT_CALL,SELL_TO_OPEN,432.7333612823486,2024-05-21 00:00:00-04:00,2,4.322988344514002,414.65,0.20955198974609376,0.28,5.187586013416802,2.0,0.0,L0137,S0202,PMCC_OPEN_BULL_STRONG,42502.37685702788
2024-04-19 15:00:00-04:00,SHORT_CALL,SELL_TO_OPEN,432.7333612823486,2024-05-21 00:00:00-04:00,2,4.322988344514002,414.65,0.20955198974609376,0.28,5.187586013416802,2.0,0.0,L0138,S0203,PMCC_OPEN_BULL_STRONG,43359.78693991726
2024-04-22 10:00:00-04:00,SHORT_CALL,BUY_TO_CLOSE,432.7333612823486,2024-05-21 00:00:00-04:00,2,3.1640271204426114,414.83,0.18972800598144532,0.24653921492208858,2.214818984309828,2.0,227.57742582996832,L0137,S0202,PMCC_PROFIT_EARLY,42722.76669684443
2024-04-22 10:00:00-04:00,SHORT_CALL,BUY_TO_CLOSE,432.7333612823486,2024-05-21 00:00:00-04:00,2,3.1640271204426114,414.83,0.18972800598144532,0.24653921492208858,2.214818984309828,2.0,227.57742582996832,L0138,S0203,PMCC_PROFIT_EARLY,42085.7464537716
2024-05-10 10:00:00-04:00,LEAPS,SELL_TO_CLOSE,317.5474072265625,2024-08-07 00:00:00-04:00,2,127.70681665252226,441.22,0.1794650027275086,0.9999519309916102,89.39477165676558,2.0,9838.169233369577,L0137,,"ADAPTIVE_GAMMA_ROLL(dte=89,d=1.00)",67535.71501261929
2024-05-13 15:00:00-04:00,SHORT_CALL,SELL_TO_OPEN,457.46156902313237,2024-06-14 00:00:00-04:00,2,3.386839088757114,443.1,0.15232000427246098,0.28,2.3707873621299798,2.0,0.0,L0138,S0204,PMCC_OPEN_BULL_STRONG,68208.71204300858
2024-05-15 15:00:00-04:00,SHORT_CALL,BUY_TO_CLOSE,457.46156902313237,2024-06-14 00:00:00-04:00,2,6.001207214599049,452.86,0.13943999786376954,0.4501931672357772,4.200845050219334,2.0,-529.0744702186064,L0138,S0204,PMCC_STRIKE_GAP,67002.26975503855
2024-05-15 15:00:00-04:00,SHORT_CALL,SELL_TO_OPEN,466.42339401626583,2024-06-16 00:00:00-04:00,2,3.1747769728314807,452.86,0.13943999786376954,0.28,2.2223438809820366,2.0,0.0,L0138,S0205,PMCC_OPEN_BULL_STRONG,67633.00280572387
2024-05-17 15:00:00-04:00,SHORT_CALL,BUY_TO_CLOSE,466.42339401626583,2024-06-16 00:00:00-04:00,2,2.4465476624138915,451.77,0.13428799743652345,0.24258675184290596,1.712583363689724,2.0,141.93327871982814,L0138,S0205,PMCC_PROFIT_EARLY,67139.9806898774
2024-05-17 15:00:00-04:00,SHORT_CALL,SELL_TO_OPEN,464.8581014442443,2024-06-18 00:00:00-04:00,2,3.0525814513499085,451.77,0.13428799743652345,0.28,2.136807015944936,2.0,0.0,L0138,S0206,PMCC_OPEN_BULL_STRONG,67746.36017313143
2024-05-20 10:00:00-04:00,SHORT_CALL,BUY_TO_CLOSE,464.8581014442443,2024-06-18 00:00:00-04:00,2,3.553619462777789,454.37,0.13607999572753907,0.3201695383413803,2.487533623944452,2.0,-104.69513590952056,L0138,S0206,LEAPS_EXIT,67031.14874695192
2024-05-20 10:00:00-04:00,LEAPS,SELL_TO_CLOSE,301.23904293823244,2024-08-17 00:00:00-04:00,2,156.95540189239426,454.37,0.1737449945449829,0.9999996860199051,109.86878132467598,2.0,15255.991367437604,L0138,,"ADAPTIVE_GAMMA_ROLL(dte=89,d=1.00)",98310.3603441061
2024-07-24 15:00:00-04:00,LEAPS,BUY_TO_OPEN,390.92973860168456,2025-07-24 00:00:00-04:00,3,101.85625455437048,463.33,0.24209681228637694,0.8499999136097005,183.34125819786686,3.0,0.0,L0207,,ENTRY_BULL_STRONG,67567.14271959709
2024-08-05 15:00:00-04:00,SHORT_CALL,SELL_TO_OPEN,485.01855354309083,2024-09-06 00:00:00-04:00,3,7.00977171545415,435.75,0.4319839965820313,0.23,42.0586302927249,3.0,0.0,L0207,S0208,PMCC_OPEN_BULL_MODERATE,69625.01560394061
2024-08-06 10:00:00-04:00,SHORT_CALL,BUY_TO_CLOSE,485.01855354309083,2024-09-06 00:00:00-04:00,3,3.7454240905091325,442.71,0.3103519897460938,0.17977833900402296,11.236272271527397,3.0,965.0680152119778,L0207,S0208,PMCC_PROFIT_EARLY,68487.15210451635
2024-08-07 15:00:00-04:00,SHORT_CALL,SELL_TO_OPEN,482.71015390014634,2024-09-08 00:00:00-04:00,3,2.996163061188419,434.84,0.31192000427246097,0.15,8.988489183565257,3.0,0.0,L0207,S0209,PMCC_OPEN_BEAR,69374.01253368931
2024-08-09 10:00:00-04:00,SHORT_CALL,BUY_TO_CLOSE,482.71015390014634,2024-09-08 00:00:00-04:00,3,2.2575761910423466,448.53,0.2281440093994141,0.15236251563584663,4.063637143876225,3.0,214.51242389994547,L0207,S0209,PMCC_PROFIT_EARLY,68689.67603923273
2024-09-03 15:00:00-04:00,SHORT_CALL,SELL_TO_OPEN,489.14613519287116,2024-10-05 00:00:00-04:00,3,4.104201508287062,461.82,0.2320639923095703,0.23,7.387562714916712,3.0,0.0,L0207,S0210,PMCC_OPEN_BULL_MODERATE,69910.54892900393
2024-09-05 10:00:00-04:00,SHORT_CALL,BUY_TO_CLOSE,489.14613519287116,2024-10-05 00:00:00-04:00,3,3.3133426008497366,461.33,0.2228799957275391,0.20585660250542226,5.964016681529526,3.0,228.29365554966807,L0207,S0210,PMCC_PROFIT_EARLY,68907.58213206747
2024-09-05 15:00:00-04:00,SHORT_CALL,SELL_TO_OPEN,487.3403527603149,2024-10-07 00:00:00-04:00,3,3.941033985271986,461.14,0.2228799957275391,0.23,7.093861173489575,3.0,0.0,L0207,S0211,PMCC_OPEN_BULL_MODERATE,70079.79846647558
2024-09-06 10:00:00-04:00,SHORT_CALL,BUY_TO_CLOSE,487.3403527603149,2024-10-07 00:00:00-04:00,3,2.78080098599024,450.73,0.25065599060058597,0.16466035514598365,5.005441774782431,3.0,340.06445800974143,L0207,S0211,PMCC_PROFIT_EARLY,69237.55272890373
2024-09-06 15:00:00-04:00,SHORT_CALL,SELL_TO_OPEN,477.53001662826546,2024-10-08 00:00:00-04:00,3,4.2972670315124475,448.87,0.25065599060058597,0.23,7.735080656722406,3.0,0.0,L0207,S0212,PMCC_OPEN_BULL_MODERATE,70515.99775770074
2024-09-09 10:00:00-04:00,SHORT_CALL,BUY_TO_CLOSE,477.53001662826546,2024-10-08 00:00:00-04:00,3,2.8986088937690937,450.34,0.21784000854492191,0.19470083227851365,5.217496008784369,3.0,411.3799453142219,L0207,S0212,PMCC_PROFIT_EARLY,69638.19759356123
2024-09-09 15:00:00-04:00,SHORT_CALL,SELL_TO_OPEN,479.74242752456666,2024-10-11 00:00:00-04:00,3,3.7991708506801984,454.51,0.21784000854492191,0.23,6.838507531224358,3.0,0.0,L0207,S0213,PMCC_OPEN_BULL_MODERATE,70768.11034123406
2024-09-11 10:00:00-04:00,SHORT_CALL,BUY_TO_CLOSE,479.74242752456666,2024-10-11 00:00:00-04:00,3,2.408682919392689,452.67,0.19812800598144534,0.17782890341759977,2.5291170653623234,3.0,411.6172623208905,L0207,S0213,PMCC_PROFIT_EARLY,70039.97634835089
2024-09-11 15:00:00-04:00,SHORT_CALL,SELL_TO_OPEN,492.14269363403315,2024-10-13 00:00:00-04:00,3,3.571417652896443,468.45,0.19812800598144534,0.23,3.7499885355412648,3.0,0.0,L0207,S0214,PMCC_OPEN_BULL_MODERATE,71104.65165568428
2024-09-16 10:00:00-04:00,SHORT_CALL,BUY_TO_CLOSE,492.14269363403315,2024-10-13 00:00:00-04:00,3,3.1326841434276673,470.89,0.19196799316406254,0.22597775509556312,3.289318350599051,3.0,125.33073449003359,L0207,S0214,PMCC_PROFIT_EARLY,70158.55709430539
2024-09-16 15:00:00-04:00,SHORT_CALL,SELL_TO_OPEN,496.37554650878917,2024-10-18 00:00:00-04:00,3,3.498676146765277,473.22,0.19196799316406254,0.23,3.673609954103541,3.0,0.0,L0207,S0215,PMCC_OPEN_BULL_MODERATE,71201.48632838087
2024-09-26 15:00:00-04:00,SHORT_CALL,BUY_TO_CLOSE,496.37554650878917,2024-10-18 00:00:00-04:00,3,5.809395407117819,489.47,0.17214399871826175,0.4025948091370887,6.09986517747371,3.0,-702.3156432832363,L0207,S0215,PMCC_STRIKE_GAP,69449.56784106804
2024-10-09 15:00:00-04:00,SHORT_CALL,SELL_TO_OPEN,522.3575841522215,2024-11-09 23:00:00-05:00,3,4.411707071049605,493.18,0.2336320068359375,0.23,7.9410727278892885,3.0,0.0,L0207,S0216,PMCC_OPEN_BULL_MODERATE,70762.13888965503
2024-10-10 10:00:00-04:00,SHORT_CALL,BUY_TO_CLOSE,522.3575841522215,2024-11-09 23:00:00-05:00,3,3.897382615075429,491.48,0.23441600341796875,0.21144218183688296,7.015288707135773,3.0,144.28204808511714,L0207,S0216,PMCC_PROFIT_EARLY,69582.90881642528
2024-10-10 15:00:00-04:00,SHORT_CALL,SELL_TO_OPEN,521.8404206085204,2024-11-10 23:00:00-05:00,3,4.420490884810576,492.6,0.23441600341796875,0.23,7.956883592659036,3.0,0.0,L0207,S0217,PMCC_OPEN_BULL_MODERATE,70898.09919827578
2024-10-14 10:00:00-04:00,SHORT_CALL,BUY_TO_CLOSE,521.8404206085204,2024-11-10 23:00:00-05:00,3,3.9266977747469554,496.11,0.2206400085449219,0.22960450729907633,7.068055994544519,3.0,138.0698770245417,L0207,S0217,PMCC_PROFIT_EARLY,69710.02180985715
2024-10-14 15:00:00-04:00,SHORT_CALL,SELL_TO_OPEN,525.2838453483582,2024-11-14 23:00:00-05:00,3,4.210430146475304,497.49,0.2206400085449219,0.23,7.578774263655546,3.0,0.0,L0207,S0218,PMCC_OPEN_BULL_MODERATE,70962.57207953608
2024-10-15 10:00:00-04:00,SHORT_CALL,BUY_TO_CLOSE,525.2838453483582,2024-11-14 23:00:00-05:00,3,3.3838238649215384,492.23,0.23116799316406256,0.19102704318582142,6.09088295685877,3.0,238.89100150927084,L0207,S0218,PMCC_PROFIT_EARLY,69938.33403710276
2024-10-15 15:00:00-04:00,SHORT_CALL,SELL_TO_OPEN,519.4793372039795,2024-11-15 23:00:00-05:00,3,4.345228001477352,490.76,0.23116799316406256,0.23,7.821410402659234,3.0,0.0,L0207,S0219,PMCC_OPEN_BULL_MODERATE,71231.0810271433
2024-10-16 10:00:00-04:00,SHORT_CALL,BUY_TO_CLOSE,519.4793372039795,2024-11-15 23:00:00-05:00,3,3.3414669685826652,489.16,0.2192959991455078,0.197890160882557,6.014640543448798,3.0,292.1136693249572,L0207,S0219,PMCC_PROFIT_EARLY,70219.62629602505
2024-10-16 15:00:00-04:00,SHORT_CALL,SELL_TO_OPEN,518.1843082542418,2024-11-16 23:00:00-05:00,3,4.130474397368403,490.93,0.2192959991455078,0.23,7.434853915263125,3.0,0.0,L0207,S0220,PMCC_OPEN_BULL_MODERATE,71448.3337613203
2024-10-21 10:00:00-04:00,SHORT_CALL,BUY_TO_CLOSE,518.1843082542418,2024-11-16 23:00:00-05:00,3,3.2842993896699824,493.33,0.2057440093994141,0.21456531338048718,5.911738901405968,3.0,244.94076340812,L0207,S0220,PMCC_PROFIT_EARLY,70454.1322055179
2024-11-04 15:00:00-05:00,SHORT_CALL,SELL_TO_OPEN,516.2092229461668,2024-12-06 00:00:00-05:00,3,4.572156697037343,485.96,0.2461759948730469,0.23,8.229882054667218,3.0,0.0,L0207,S0221,PMCC_OPEN_BULL_MODERATE,71814.54933257445
2024-11-07 10:00:00-05:00,SHORT_CALL,BUY_TO_CLOSE,516.2092229461668,2024-12-06 00:00:00-05:00,3,8.698630768425573,512.06,0.17023999786376953,0.4716969004188794,9.133562306846851,3.0,-1250.075783723316,L0207,S0221,PMCC_STRIKE_GAP,69192.82653973992
2024-11-07 15:00:00-05:00,SHORT_CALL,SELL_TO_OPEN,535.8392028808594,2024-12-09 00:00:00-05:00,3,3.3778240141237603,513.6,0.17023999786376953,0.23,3.5467152148299483,3.0,0.0,L0207,S0222,PMCC_OPEN_BULL_MODERATE,70199.62702876222
2024-11-12 10:00:00-05:00,SHORT_CALL,BUY_TO_CLOSE,535.8392028808594,2024-12-09 00:00:00-05:00,3,2.3554459490202646,512.98,0.1647520004272461,0.19009817303974685,2.473218246471278,3.0,301.24020128457744,L0207,S0222,PMCC_PROFIT_EARLY,69487.52002580967
2024-11-22 15:00:00-05:00,SHORT_CALL,SELL_TO_OPEN,523.5783734664917,2024-12-24 00:00:00-05:00,3,4.3200250843854064,505.77,0.17068799743652346,0.28,4.536026338604676,3.0,0.0,L0207,S0223,PMCC_OPEN_BULL_STRONG,70775.99152478669
2024-11-27 10:00:00-05:00,SHORT_CALL,BUY_TO_CLOSE,523.5783734664917,2024-12-24 00:00:00-05:00,3,2.5040477599556397,503.58,0.15792000427246097,0.20905174362837875,2.629250147953422,3.0,539.1639471809767,L0207,S0223,PMCC_PROFIT_EARLY,70019.14794665204
2024-11-27 15:00:00-05:00,SHORT_CALL,SELL_TO_OPEN,521.8095780029297,2024-12-29 00:00:00-05:00,3,4.0007915141596015,505.28,0.15792000427246097,0.28,4.200831089867582,3.0,0.0,L0207,S0224,PMCC_OPEN_BULL_STRONG,71212.18456981005
2024-12-02 15:00:00-05:00,SHORT_CALL,BUY_TO_CLOSE,521.8095780029297,2024-12-29 00:00:00-05:00,3,6.196648645997726,515.29,0.1494080017089844,0.41708627402482895,6.506481078297613,3.0,-668.263620629735,L0207,S0224,PMCC_STRIKE_GAP,69343.68349493244
2024-12-02 15:00:00-05:00,SHORT_CALL,SELL_TO_OPEN,531.3026862850188,2025-01-03 00:00:00-05:00,3,3.8650635349615072,515.29,0.1494080017089844,0.28,4.058316711709583,3.0,0.0,L0207,S0225,PMCC_OPEN_BULL_STRONG,70496.14423870918
2024-12-04 15:00:00-05:00,SHORT_CALL,BUY_TO_CLOSE,531.3026862850188,2025-01-03 00:00:00-05:00,3,6.318933455067366,523.25,0.15063999786376955,0.4015448849322219,6.634880127820735,3.0,-745.7958561595783,L0207,S0225,PMCC_STRIKE_GAP,68590.82932206115
2024-12-04 15:00:00-05:00,SHORT_CALL,SELL_TO_OPEN,539.6176306247712,2025-01-05 00:00:00-05:00,3,3.9562197489516393,523.25,0.15063999786376955,0.28,4.154030736399221,3.0,0.0,L0207,S0226,PMCC_OPEN_BULL_STRONG,69770.54121601024
2024-12-10 15:00:00-05:00,SHORT_CALL,BUY_TO_CLOSE,539.6176306247712,2025-01-05 00:00:00-05:00,3,2.808435588618906,520.55,0.15881600341796875,0.22496974586253765,2.9488573680498513,3.0,338.38639073177023,L0207,S0226,PMCC_PROFIT_EARLY,68922.06168205652
2024-12-20 15:00:00-05:00,SHORT_CALL,SELL_TO_OPEN,545.7111857070925,2025-01-21 00:00:00-05:00,3,4.101134606845946,518.82,0.2056320068359375,0.23,7.382042292322703,3.0,0.0,L0207,S0227,PMCC_OPEN_BULL_MODERATE,70142.02002181798
2024-12-23 10:00:00-05:00,SHORT_CALL,BUY_TO_CLOSE,545.7111857070925,2025-01-21 00:00:00-05:00,3,2.7539295184892296,518.19,0.1879360076904297,0.18749900174649647,2.8916259944136913,3.0,398.2699005126011,L0207,S0227,PMCC_PROFIT_EARLY,69309.9495402768
2024-12-23 15:00:00-05:00,SHORT_CALL,SELL_TO_OPEN,547.7328875274657,2025-01-24 00:00:00-05:00,3,3.7870088266451205,522.92,0.1879360076904297,0.23,3.9763592679773767,3.0,0.0,L0207,S0228,PMCC_OPEN_BULL_MODERATE,70439.07582900235
2024-12-27 10:00:00-05:00,SHORT_CALL,BUY_TO_CLOSE,547.7328875274657,2025-01-24 00:00:00-05:00,3,2.3037521677572244,520.27,0.17863999786376955,0.17102147769899173,2.418939776145086,3.0,439.55805789022395,L0207,S0228,PMCC_PROFIT_EARLY,69742.53123889904
2025-01-14 15:00:00-05:00,SHORT_CALL,SELL_TO_OPEN,531.7738981628418,2025-02-15 00:00:00-05:00,3,4.066309397049565,505.1,0.20955198974609376,0.23,7.319356914689218,3.0,0.0,L0207,S0229,PMCC_OPEN_BULL_MODERATE,70952.10470109922
2025-01-21 15:00:00-05:00,SHORT_CALL,BUY_TO_CLOSE,531.7738981628418,2025-02-15 00:00:00-05:00,3,6.781188503354883,524.71,0.16867200469970703,0.4145937011049665,7.120247928522627,3.0,-824.583979820118,L0207,S0229,PMCC_STRIKE_GAP,68907.62790216423
2025-01-21 15:00:00-05:00,SHORT_CALL,SELL_TO_OPEN,547.1220249557498,2025-02-22 00:00:00-05:00,3,3.4200365468379346,524.71,0.16867200469970703,0.23,3.5910383741798313,3.0,0.0,L0207,S0230,PMCC_OPEN_BULL_MODERATE,69927.04782784142
2025-01-27 10:00:00-05:00,SHORT_CALL,BUY_TO_CLOSE,547.1220249557498,2025-02-22 00:00:00-05:00,3,2.1107189402361968,515.45,0.20047999572753908,0.1510469840840784,2.216254887248007,3.0,387.57902709327334,L0207,S0230,PMCC_PROFIT_EARLY,69288.61589088332
2025-01-28 15:00:00-05:00,SHORT_CALL,SELL_TO_OPEN,541.4715792617797,2025-03-01 00:00:00-05:00,3,4.7904162860758674,521.87,0.18379199829101564,0.28,5.0299371003796605,3.0,0.0,L0207,S0231,PMCC_OPEN_BULL_STRONG,70717.7108396057
2025-01-30 10:00:00-05:00,SHORT_CALL,BUY_TO_CLOSE,541.4715792617797,2025-03-01 00:00:00-05:00,3,3.485281616904331,519.22,0.17740800170898438,0.23207389319956578,3.6595456977495475,3.0,384.88085505371146,L0207,S0231,PMCC_PROFIT_EARLY,69665.46680883665
2025-01-30 15:00:00-05:00,SHORT_CALL,SELL_TO_OPEN,542.0396536445617,2025-03-03 00:00:00-05:00,3,4.638927678867844,523.05,0.17740800170898438,0.28,4.870874062811237,3.0,0.0,L0207,S0232,PMCC_OPEN_BULL_STRONG,71049.27423843418
2025-02-05 10:00:00-05:00,SHORT_CALL,BUY_TO_CLOSE,542.0396536445617,2025-03-03 00:00:00-05:00,3,3.55119762884091,522.76,0.17662400512695314,0.2479067003017938,3.7287575102829553,3.0,319.5902574977972,L0207,S0232,PMCC_PROFIT_EARLY,69977.18619227163
2025-02-05 15:00:00-05:00,SHORT_CALL,SELL_TO_OPEN,545.911292476654,2025-03-09 00:00:00-05:00,3,4.6523216913824115,526.85,0.17662400512695314,0.28,4.884937775951532,3.0,0.0,L0207,S0233,PMCC_OPEN_BULL_STRONG,71364.9977619104
2025-02-12 10:00:00-05:00,SHORT_CALL,BUY_TO_CLOSE,545.911292476654,2025-03-09 00:00:00-05:00,3,3.488669476355824,526.57,0.17796800384521488,0.2454079819899363,3.6631029501736148,3.0,342.4325615578025,L0207,S0233,PMCC_PROFIT_EARLY,70311.73381605349
2025-02-12 15:00:00-05:00,SHORT_CALL,SELL_TO_OPEN,547.5807933349608,2025-03-16 01:00:00-04:00,3,4.700054738738004,528.32,0.17796800384521488,0.28,4.935057475674904,3.0,0.0,L0207,S0234,PMCC_OPEN_BULL_STRONG,71713.8151801992
2025-02-18 15:00:00-05:00,SHORT_CALL,BUY_TO_CLOSE,547.5807933349608,2025-03-16 01:00:00-04:00,3,6.971105507334187,539.32,0.17192000427246096,0.4040259658452013,7.319660782700897,3.0,-691.6348913615557,L0207,S0234,PMCC_STRIKE_GAP,69612.16386721625
2025-02-18 15:00:00-05:00,SHORT_CALL,SELL_TO_OPEN,558.3391030120849,2025-03-22 01:00:00-04:00,3,4.639180250291048,539.32,0.17192000427246096,0.28,4.871139262805601,3.0,0.0,L0207,S0235,PMCC_OPEN_BULL_STRONG,70996.04680304076
2025-02-20 10:00:00-05:00,SHORT_CALL,BUY_TO_CLOSE,558.3391030120849,2025-03-22 01:00:00-04:00,3,3.068465835490656,533.41,0.17539199829101565,0.20767932712805265,3.221889127265189,3.0,464.99243531285254,L0207,S0235,PMCC_PROFIT_EARLY,70069.28516326631
2025-02-20 15:00:00-05:00,SHORT_CALL,SELL_TO_OPEN,556.4935237903594,2025-03-24 01:00:00-04:00,3,4.711542484540075,537.19,0.17539199829101565,0.28,4.947119608767079,3.0,0.0,L0207,S0236,PMCC_OPEN_BULL_STRONG,71474.80078901956
2025-02-21 15:00:00-05:00,SHORT_CALL,BUY_TO_CLOSE,556.4935237903594,2025-03-24 01:00:00-04:00,3,3.311218515811589,526.09,0.20395198974609377,0.19612212543317653,5.960193328460861,3.0,411.136997290085,L0207,S0236,PMCC_PROFIT_EARLY,70472.47504094763
2025-02-21 15:00:00-05:00,SHORT_CALL,SELL_TO_OPEN,547.9428519058226,2025-03-25 01:00:00-04:00,3,5.342924664899954,526.09,0.20395198974609377,0.28,9.617264396819916,3.0,0.0,L0207,S0237,PMCC_OPEN_BULL_STRONG,72062.7351760208
2025-02-24 10:00:00-05:00,SHORT_CALL,BUY_TO_CLOSE,547.9428519058226,2025-03-25 01:00:00-04:00,3,4.062359134363021,521.55,0.2125759948730469,0.23014975011506594,7.312246441853438,3.0,373.85741271922643,L0207,S0237,PMCC_PROFIT_EARLY,70833.71518927003
2025-02-24 15:00:00-05:00,SHORT_CALL,SELL_TO_OPEN,542.3127902755737,2025-03-28 01:00:00-04:00,3,5.495111114646761,519.83,0.2125759948730469,0.28,9.89120000636417,3.0,0.0,L0207,S0238,PMCC_OPEN_BULL_STRONG,72469.35732365769
2025-02-25 10:00:00-05:00,SHORT_CALL,BUY_TO_CLOSE,542.3127902755737,2025-03-28 01:00:00-04:00,3,3.7047758301691402,512.21,0.21761600341796877,0.2081767267118147,6.6685964943044524,3.0,527.4319888489817,L0207,S0238,PMCC_PROFIT_EARLY,71348.25597811265
2025-02-25 15:00:00-05:00,SHORT_CALL,SELL_TO_OPEN,536.0025499114988,2025-03-29 01:00:00-04:00,3,5.5505925372197,513.29,0.21761600341796877,0.28,9.99106656699546,3.0,0.0,L0207,S0239,PMCC_OPEN_BULL_STRONG,73000.44267271156
2025-02-27 15:00:00-05:00,SHORT_CALL,BUY_TO_CLOSE,536.0025499114988,2025-03-29 01:00:00-04:00,3,3.125444583780265,500.33,0.23665599060058595,0.176095465111752,5.6258002508044775,3.0,718.9185857810261,L0207,S0239,PMCC_PROFIT_EARLY,72054.18349732668
2025-02-27 15:00:00-05:00,SHORT_CALL,SELL_TO_OPEN,524.3921962585448,2025-03-31 01:00:00-04:00,3,5.867492359978968,500.33,0.23665599060058595,0.28,10.561486247962144,3.0,0.0,L0207,S0240,PMCC_OPEN_BULL_STRONG,73800.8697190724
2025-03-03 15:00:00-05:00,SHORT_CALL,BUY_TO_CLOSE,524.3921962585448,2025-03-31 01:00:00-04:00,3,5.106122477851571,497.32,0.2551360076904297,0.2516665586514517,9.191020460132828,3.0,216.21994417808605,L0207,S0240,PMCC_PROFIT_EARLY,72256.8419552568
2025-03-03 15:00:00-05:00,SHORT_CALL,SELL_TO_OPEN,529.3134995422362,2025-04-04 01:00:00-04:00,3,4.843034389511473,497.32,0.2551360076904297,0.23,8.717461901120652,3.0,0.0,L0207,S0241,PMCC_OPEN_BULL_MODERATE,73698.03481020911
2025-03-04 10:00:00-05:00,SHORT_CALL,BUY_TO_CLOSE,529.3134995422362,2025-04-04 01:00:00-04:00,3,3.633386549195791,490.69,0.26331200256347664,0.18337499907756033,6.540095788552424,3.0,353.35425630615237,L0207,S0241,PMCC_PROFIT_EARLY,72598.47874966182
2025-03-04 15:00:00-05:00,SHORT_CALL,SELL_TO_OPEN,528.4287595481874,2025-04-05 01:00:00-04:00,3,4.974625175081968,495.51,0.26331200256347664,0.23,8.954325315147543,3.0,0.0,L0207,S0242,PMCC_OPEN_BULL_MODERATE,74078.91197687127
2025-03-05 10:00:00-05:00,SHORT_CALL,BUY_TO_CLOSE,528.4287595481874,2025-04-05 01:00:00-04:00,3,4.03709394331311,495.55,0.24561600341796877,0.20846133882084583,7.266769097963598,3.0,270.99260043269373,L0207,S0242,PMCC_PROFIT_EARLY,72857.51702477937
2025-03-05 15:00:00-05:00,SHORT_CALL,SELL_TO_OPEN,533.1619819335936,2025-04-06 01:00:00-04:00,3,4.713305605446578,502.08,0.24561600341796877,0.23,8.483950089803841,3.0,0.0,L0207,S0243,PMCC_OPEN_BULL_MODERATE,74260.02475632355
2025-03-06 15:00:00-05:00,SHORT_CALL,BUY_TO_CLOSE,533.1619819335936,2025-04-06 01:00:00-04:00,3,3.1987395112342654,488.32,0.2785440093994141,0.15919571299986635,5.757731120221678,3.0,445.61209714347217,L0207,S0243,PMCC_PROFIT_EARLY,73291.64517183305
2025-03-06 15:00:00-05:00,SHORT_CALL,SELL_TO_OPEN,522.6892753906247,2025-04-07 01:00:00-04:00,3,5.174911511759447,488.32,0.2785440093994141,0.23,9.314840721167004,3.0,0.0,L0207,S0244,PMCC_OPEN_BULL_MODERATE,74831.80378463972
2025-03-07 10:00:00-05:00,SHORT_CALL,BUY_TO_CLOSE,522.6892753906247,2025-04-07 01:00:00-04:00,3,3.9471995944582687,486.75,0.2617440093994141,0.19793761588841524,7.104959270024884,3.0,358.2086159203286,L0207,S0244,PMCC_PROFIT_EARLY,73637.53894703221
2025-03-07 15:00:00-05:00,SHORT_CALL,SELL_TO_OPEN,524.2848365669252,2025-04-08 01:00:00-04:00,3,4.909212284966429,491.81,0.2617440093994141,0.23,8.836582112939574,3.0,0.0,L0207,S0245,PMCC_OPEN_BULL_MODERATE,75098.4660504092
2025-03-10 10:00:00-04:00,SHORT_CALL,BUY_TO_CLOSE,524.2848365669252,2025-04-08 01:00:00-04:00,3,3.1772388999827683,475.53,0.3120320068359375,0.15198483307169053,9.531716699948305,3.0,507.06029879514995,L0207,S0245,PMCC_PROFIT_EARLY,74132.76266371443
2025-03-10 15:00:00-04:00,SHORT_CALL,SELL_TO_OPEN,525.0148281097413,2025-04-11 00:00:00-04:00,3,3.261876230265486,473.3,0.3120320068359375,0.15,9.785628690796457,3.0,0.0,L0207,S0246,PMCC_OPEN_BEAR_SMA_FORCED,75098.53990410328
2025-03-11 10:00:00-04:00,SHORT_CALL,BUY_TO_CLOSE,525.0148281097413,2025-04-11 00:00:00-04:00,3,2.315764190564373,469.73,0.3015040008544922,0.11863438835705115,6.947292571693119,3.0,273.88631933864076,L0207,S0246,PMCC_PROFIT_EARLY,74393.86335436227
2025-03-11 15:00:00-04:00,SHORT_CALL,SELL_TO_OPEN,521.373982345581,2025-04-12 00:00:00-04:00,3,3.1454607811392634,471.67,0.3015040008544922,0.15,9.43638234341779,3.0,0.0,L0207,S0247,PMCC_OPEN_BEAR_SMA_FORCED,75325.06520636062
2025-03-12 10:00:00-04:00,SHORT_CALL,BUY_TO_CLOSE,521.373982345581,2025-04-12 00:00:00-04:00,3,2.3548933719004026,473.73,0.27137599487304687,0.12985280438201852,4.238808069420725,3.0,229.93141470223748,L0207,S0247,PMCC_PROFIT_EARLY,74611.35838672108
2025-03-27 10:00:00-04:00,LEAPS,SELL_TO_CLOSE,390.92973860168456,2025-07-24 00:00:00-04:00,3,102.09299946819908,486.35,0.2508198071670532,0.9546703620701488,183.76739904275837,3.0,-115.74392489417733,L0207,,ADAPTIVE_DTE_ROLL(dte=119<120),105052.49082813805
2025-09-02 15:00:00-04:00,LEAPS,BUY_TO_OPEN,470.5605570526123,2026-09-02 00:00:00-04:00,2,125.76723847509606,565.63,0.24553100109100343,0.8500016188819225,88.03706693256724,2.0,0.0,L0248,,ENTRY_BULL_STRONG,79809.00606618627
2025-10-14 15:00:00-04:00,SHORT_CALL,SELL_TO_OPEN,632.9701665115355,2025-11-14 23:00:00-05:00,2,5.337063622021418,598.05,0.23307199401855472,0.23,6.404476346425702,2.0,0.0,L0248,S0249,PMCC_OPEN_BULL_MODERATE,80868.01431424412
2025-10-17 10:00:00-04:00,SHORT_CALL,BUY_TO_CLOSE,632.9701665115355,2025-11-14 23:00:00-05:00,2,4.7991588479314515,598.57,0.2327360076904297,0.2198822232889165,5.758990617517742,2.0,99.82196420047558,L0248,S0249,PMCC_PROFIT_EARLY,79900.42355404032
2025-10-17 15:00:00-04:00,SHORT_CALL,SELL_TO_OPEN,639.0772309417723,2025-11-17 23:00:00-05:00,2,5.381624665370879,603.88,0.2327360076904297,0.23,6.457949598445055,2.0,0.0,L0248,S0250,PMCC_OPEN_BULL_MODERATE,80968.29053751605
2025-10-21 10:00:00-04:00,SHORT_CALL,BUY_TO_CLOSE,639.0772309417723,2025-11-17 23:00:00-05:00,2,4.609188599877854,611.58,0.2001440093994141,0.2378382122009911,3.2264320199144976,2.0,149.26078107869057,L0248,S0250,PMCC_PROFIT_EARLY,80041.22638552057
2025-10-21 15:00:00-04:00,SHORT_CALL,SELL_TO_OPEN,642.0252810058591,2025-11-21 23:00:00-05:00,2,4.707417223811518,611.41,0.2001440093994141,0.23,3.295192056668063,2.0,0.0,L0248,S0251,PMCC_OPEN_BULL_MODERATE,80977.4146382262
2025-10-22 15:00:00-04:00,SHORT_CALL,BUY_TO_CLOSE,642.0252810058591,2025-11-21 23:00:00-05:00,2,3.6904392439629277,605.38,0.20832000427246097,0.18815725002235323,4.428527092755513,2.0,196.96706887696257,L0248,S0251,PMCC_PROFIT_EARLY,80232.89826234085
2025-10-22 15:00:00-04:00,SHORT_CALL,SELL_TO_OPEN,636.9253730087281,2025-11-22 23:00:00-05:00,2,4.845962056006272,605.38,0.20832000427246097,0.23,5.815154467207527,2.0,0.0,L0248,S0252,PMCC_OPEN_BULL_MODERATE,81194.2755190749
2025-10-27 15:00:00-04:00,SHORT_CALL,BUY_TO_CLOSE,636.9253730087281,2025-11-22 23:00:00-05:00,2,8.8999562584805,628.08,0.1768479995727539,0.41701953919486273,6.2299693809363506,2.0,-819.0288098757821,L0248,S0252,PMCC_STRIKE_GAP,79406.05429799786
2025-11-10 15:00:00-05:00,SHORT_CALL,SELL_TO_OPEN,653.916563911438,2025-12-12 00:00:00-05:00,2,4.727515894721648,623.18,0.19712000427246096,0.23,3.3092611263051537,2.0,0.0,L0248,S0253,PMCC_OPEN_BULL_MODERATE,80346.24821581588
2025-11-11 10:00:00-05:00,SHORT_CALL,BUY_TO_CLOSE,653.916563911438,2025-12-12 00:00:00-05:00,2,3.3694858124520124,618.33,0.1935360076904297,0.1822170279918297,2.358640068716409,2.0,267.2473763852107,L0248,S0253,PMCC_PROFIT_EARLY,79667.99241325677
2025-11-11 15:00:00-05:00,SHORT_CALL,SELL_TO_OPEN,651.621792816162,2025-12-13 00:00:00-05:00,2,4.631926863705985,621.52,0.1935360076904297,0.23,3.2423488045941897,2.0,0.0,L0248,S0254,PMCC_OPEN_BULL_MODERATE,80589.13543719337
2025-11-12 10:00:00-05:00,SHORT_CALL,BUY_TO_CLOSE,651.621792816162,2025-12-13 00:00:00-05:00,2,4.130733179870219,619.44,0.19611200256347658,0.21142895624098867,2.891513225909154,2.0,95.34722354124392,L0248,S0254,PMCC_PROFIT_EARLY,79758.09728799341
2025-11-12 15:00:00-05:00,SHORT_CALL,SELL_TO_OPEN,651.5120493164061,2025-12-14 00:00:00-05:00,2,4.688093862554922,621.04,0.19611200256347658,0.23,3.2816657037884456,2.0,0.0,L0248,S0255,PMCC_OPEN_BULL_MODERATE,80690.43439480061
2025-11-13 10:00:00-05:00,SHORT_CALL,BUY_TO_CLOSE,651.5120493164061,2025-12-14 00:00:00-05:00,2,4.123240693357403,612.31,0.22400000000000003,0.19252258173091058,4.947888832028883,2.0,106.02274500747501,L0248,S0255,PMCC_PROFIT_EARLY,79858.83836729711
2025-11-13 15:00:00-05:00,SHORT_CALL,SELL_TO_OPEN,642.5079659919736,2025-12-15 00:00:00-05:00,2,5.2248426596802915,608.41,0.22400000000000003,0.23,6.26981119161635,2.0,0.0,L0248,S0256,PMCC_OPEN_BULL_MODERATE,80895.53708804156
2025-11-17 15:00:00-05:00,SHORT_CALL,BUY_TO_CLOSE,642.5079659919736,2025-12-15 00:00:00-05:00,2,4.685292275297641,603.64,0.25065599060058597,0.2054109512529143,5.622350730357169,2.0,100.28772614617287,L0248,S0256,PMCC_PROFIT_EARLY,79950.85628225167
2025-11-17 15:00:00-05:00,LEAPS,BUY_TO_OPEN,501.72601159667954,2027-05-11 01:00:00-04:00,1,158.79776366893464,603.64,0.3003395887374878,0.800000924301254,95.27865820136078,1.0,0.0,L0257,,ENTRY_BULL_MODERATE,63974.80125715684
2025-11-17 15:00:00-05:00,SHORT_CALL,SELL_TO_OPEN,641.5411238708496,2025-12-19 00:00:00-05:00,2,5.779289396103195,603.64,0.25065599060058597,0.23,6.935147275323835,2.0,0.0,L0248,S0258,PMCC_OPEN_BULL_MODERATE,65121.72398910215
2025-11-17 15:00:00-05:00,SHORT_CALL,SELL_TO_OPEN,641.5411238708496,2025-12-19 00:00:00-05:00,1,5.779289396103195,603.64,0.25065599060058597,0.23,3.4675736376619173,1.0,0.0,L0257,S0259,PMCC_OPEN_BULL_MODERATE,65695.1853550748
2025-11-18 10:00:00-05:00,SHORT_CALL,BUY_TO_CLOSE,641.5411238708496,2025-12-19 00:00:00-05:00,2,4.706770327912565,593.27,0.27652800598144534,0.18656987185885504,5.648124393495078,2.0,206.85568924463087,L0248,S0258,PMCC_PROFIT_EARLY,64746.183165098795
2025-11-18 10:00:00-05:00,SHORT_CALL,BUY_TO_CLOSE,641.5411238708496,2025-12-19 00:00:00-05:00,1,4.706770327912565,593.27,0.27652800598144534,0.18656987185885504,2.824062196747539,1.0,103.42784462231543,L0257,S0259,PMCC_PROFIT_EARLY,64271.68207011079
2025-11-18 15:00:00-05:00,LEAPS,BUY_TO_OPEN,487.17238313293456,2027-05-12 01:00:00-04:00,1,168.5931893094841,596.33,0.3313398071670533,0.800003133316193,101.15591358569047,1.0,0.0,L0260,,ENTRY_BULL_MODERATE,47310.20722557669
2025-11-18 15:00:00-05:00,SHORT_CALL,SELL_TO_OPEN,637.7508037261964,2025-12-20 00:00:00-05:00,2,6.275596420881328,596.33,0.27652800598144534,0.23,7.530715705057594,2.0,0.0,L0248,S0261,PMCC_OPEN_BULL_MODERATE,48555.795794047895
2025-11-18 15:00:00-05:00,SHORT_CALL,SELL_TO_OPEN,637.7508037261964,2025-12-20 00:00:00-05:00,1,6.275596420881328,596.33,0.27652800598144534,0.23,3.765357852528797,1.0,0.0,L0257,S0262,PMCC_OPEN_BULL_MODERATE,49178.5900782835
2025-11-18 15:00:00-05:00,SHORT_CALL,SELL_TO_OPEN,637.7508037261964,2025-12-20 00:00:00-05:00,1,6.275596420881328,596.33,0.27652800598144534,0.23,3.765357852528797,1.0,0.0,L0260,S0263,PMCC_OPEN_BULL_MODERATE,49801.38436251911
2025-11-20 15:00:00-05:00,SHORT_CALL,BUY_TO_CLOSE,637.7508037261964,2025-12-20 00:00:00-05:00,2,4.582650209647156,585.67,0.29590400085449226,0.177423171131524,9.165300419294311,2.0,327.42394182754015,L0248,S0261,PMCC_PROFIT_EARLY,48873.68902017038
2025-11-20 15:00:00-05:00,SHORT_CALL,BUY_TO_CLOSE,637.7508037261964,2025-12-20 00:00:00-05:00,1,4.582650209647156,585.67,0.29590400085449226,0.177423171131524,4.582650209647156,1.0,163.71197091377007,L0257,S0262,PMCC_PROFIT_EARLY,48409.841348996015
2025-11-20 15:00:00-05:00,SHORT_CALL,BUY_TO_CLOSE,637.7508037261964,2025-12-20 00:00:00-05:00,1,4.582650209647156,585.67,0.29590400085449226,0.177423171131524,4.582650209647156,1.0,163.71197091377007,L0260,S0263,PMCC_PROFIT_EARLY,47945.99367782165
2025-11-20 15:00:00-05:00,SHORT_CALL,SELL_TO_OPEN,629.3191085968017,2025-12-22 00:00:00-05:00,2,6.577192172621636,585.67,0.29590400085449226,0.23,13.154384345243272,2.0,0.0,L0248,S0264,PMCC_OPEN_BULL_MODERATE,49246.277728000736
2025-11-20 15:00:00-05:00,SHORT_CALL,SELL_TO_OPEN,629.3191085968017,2025-12-22 00:00:00-05:00,1,6.577192172621636,585.67,0.29590400085449226,0.23,6.577192172621636,1.0,0.0,L0257,S0265,PMCC_OPEN_BULL_MODERATE,49896.419753090275
2025-11-20 15:00:00-05:00,SHORT_CALL,SELL_TO_OPEN,629.3191085968017,2025-12-22 00:00:00-05:00,1,6.577192172621636,585.67,0.29590400085449226,0.23,6.577192172621636,1.0,0.0,L0260,S0266,PMCC_OPEN_BULL_MODERATE,50546.561778179814
2025-11-21 10:00:00-05:00,SHORT_CALL,BUY_TO_CLOSE,629.3191085968017,2025-12-22 00:00:00-05:00,2,4.175605419219181,583.04,0.2624160034179688,0.17904585560046504,5.010726503063018,2.0,473.30662417742803,L0248,S0264,PMCC_PROFIT_EARLY,49704.42996783291
2025-11-21 10:00:00-05:00,SHORT_CALL,BUY_TO_CLOSE,629.3191085968017,2025-12-22 00:00:00-05:00,1,4.175605419219181,583.04,0.2624160034179688,0.17904585560046504,2.505363251531509,1.0,236.65331208871402,L0257,S0265,PMCC_PROFIT_EARLY,49283.364062659464
2025-11-21 10:00:00-05:00,SHORT_CALL,BUY_TO_CLOSE,629.3191085968017,2025-12-22 00:00:00-05:00,1,4.175605419219181,583.04,0.2624160034179688,0.17904585560046504,2.505363251531509,1.0,236.65331208871402,L0260,S0266,PMCC_PROFIT_EARLY,48862.29815748602
2025-11-21 15:00:00-05:00,SHORT_CALL,SELL_TO_OPEN,628.9804269104002,2025-12-23 00:00:00-05:00,2,5.905238517138173,590.16,0.2624160034179688,0.23,7.086286220565808,2.0,0.0,L0248,S0267,PMCC_OPEN_BULL_MODERATE,50034.25957469309
2025-11-21 15:00:00-05:00,SHORT_CALL,SELL_TO_OPEN,628.9804269104002,2025-12-23 00:00:00-05:00,1,5.905238517138173,590.16,0.2624160034179688,0.23,3.543143110282904,1.0,0.0,L0257,S0268,PMCC_OPEN_BULL_MODERATE,50620.240283296625
2025-11-21 15:00:00-05:00,SHORT_CALL,SELL_TO_OPEN,628.9804269104002,2025-12-23 00:00:00-05:00,1,5.905238517138173,590.16,0.2624160034179688,0.23,3.543143110282904,1.0,0.0,L0260,S0269,PMCC_OPEN_BULL_MODERATE,51206.22099190016
2025-11-25 10:00:00-05:00,SHORT_CALL,BUY_TO_CLOSE,628.9804269104002,2025-12-23 00:00:00-05:00,2,5.093427091867255,602.56,0.20787199401855472,0.25243854432682394,6.112112510240706,2.0,154.25017254394288,L0248,S0267,PMCC_PROFIT_EARLY,50179.42346101647
2025-11-25 10:00:00-05:00,SHORT_CALL,BUY_TO_CLOSE,628.9804269104002,2025-12-23 00:00:00-05:00,1,5.093427091867255,602.56,0.20787199401855472,0.25243854432682394,3.056056255120353,1.0,77.12508627197144,L0257,S0268,PMCC_PROFIT_EARLY,49666.024695574626
2025-11-25 10:00:00-05:00,SHORT_CALL,BUY_TO_CLOSE,628.9804269104002,2025-12-23 00:00:00-05:00,1,5.093427091867255,602.56,0.20787199401855472,0.25243854432682394,3.056056255120353,1.0,77.12508627197144,L0260,S0269,PMCC_PROFIT_EARLY,49152.62593013278
2025-11-25 15:00:00-05:00,SHORT_CALL,SELL_TO_OPEN,640.5396671676633,2025-12-27 00:00:00-05:00,2,4.864083844017813,608.91,0.20787199401855472,0.23,5.836900612821376,2.0,0.0,L0248,S0270,PMCC_OPEN_BULL_MODERATE,50117.60579832352
2025-11-25 15:00:00-05:00,SHORT_CALL,SELL_TO_OPEN,640.5396671676633,2025-12-27 00:00:00-05:00,1,4.864083844017813,608.91,0.20787199401855472,0.23,2.918450306410688,1.0,0.0,L0257,S0271,PMCC_OPEN_BULL_MODERATE,50600.09573241889
2025-11-25 15:00:00-05:00,SHORT_CALL,SELL_TO_OPEN,640.5396671676633,2025-12-27 00:00:00-05:00,1,4.864083844017813,608.91,0.20787199401855472,0.23,2.918450306410688,1.0,0.0,L0260,S0272,PMCC_OPEN_BULL_MODERATE,51082.585666514264
2025-12-08 10:00:00-05:00,SHORT_CALL,BUY_TO_CLOSE,640.5396671676633,2025-12-27 00:00:00-05:00,2,4.775690970671548,624.06,0.18659199829101566,0.2922849251623083,3.3429836794700836,2.0,12.335590989782986,L0248,S0270,PMCC_GAMMA_MGMT,50122.10448870048
2025-12-08 10:00:00-05:00,SHORT_CALL,BUY_TO_CLOSE,640.5396671676633,2025-12-27 00:00:00-05:00,1,4.775690970671548,624.06,0.18659199829101566,0.2922849251623083,1.6714918397350418,1.0,6.167795494891493,L0257,S0271,PMCC_GAMMA_MGMT,49641.86389979359
2025-12-08 10:00:00-05:00,SHORT_CALL,BUY_TO_CLOSE,640.5396671676633,2025-12-27 00:00:00-05:00,1,4.775690970671548,624.06,0.18659199829101566,0.2922849251623083,1.6714918397350418,1.0,6.167795494891493,L0260,S0272,PMCC_GAMMA_MGMT,49161.6233108867
2025-12-08 15:00:00-05:00,SHORT_CALL,SELL_TO_OPEN,647.6427048568723,2026-01-09 00:00:00-05:00,2,5.814216958301216,624.18,0.18659199829101566,0.28,4.0699518708108515,2.0,0.0,L0248,S0273,PMCC_OPEN_BULL_STRONG,50318.39675067613
2025-12-08 15:00:00-05:00,SHORT_CALL,SELL_TO_OPEN,647.6427048568723,2026-01-09 00:00:00-05:00,1,5.814216958301216,624.18,0.18659199829101566,0.28,2.0349759354054258,1.0,0.0,L0257,S0274,PMCC_OPEN_BULL_STRONG,50896.78347057085
2025-12-08 15:00:00-05:00,SHORT_CALL,SELL_TO_OPEN,647.6427048568723,2026-01-09 00:00:00-05:00,1,5.814216958301216,624.18,0.18659199829101566,0.28,2.0349759354054258,1.0,0.0,L0260,S0275,PMCC_OPEN_BULL_STRONG,51475.17019046557
2025-12-10 10:00:00-05:00,SHORT_CALL,BUY_TO_CLOSE,647.6427048568723,2026-01-09 00:00:00-05:00,2,4.2616713413140985,621.9,0.17662400512695314,0.23657566156324505,2.983169938919869,2.0,305.52595345850364,L0248,S0273,PMCC_PROFIT_EARLY,50617.85275226383
2025-12-10 10:00:00-05:00,SHORT_CALL,BUY_TO_CLOSE,647.6427048568723,2026-01-09 00:00:00-05:00,1,4.2616713413140985,621.9,0.17662400512695314,0.23657566156324505,1.4915849694599346,1.0,152.76297672925182,L0257,S0274,PMCC_PROFIT_EARLY,50189.19403316296
2025-12-10 10:00:00-05:00,SHORT_CALL,BUY_TO_CLOSE,647.6427048568723,2026-01-09 00:00:00-05:00,1,4.2616713413140985,621.9,0.17662400512695314,0.23657566156324505,1.4915849694599346,1.0,152.76297672925182,L0260,S0275,PMCC_PROFIT_EARLY,49760.53531406209
2025-12-10 15:00:00-05:00,SHORT_CALL,SELL_TO_OPEN,649.8913726272582,2026-01-11 00:00:00-05:00,2,5.541777579450951,627.54,0.17662400512695314,0.28,3.8792443056156656,2.0,0.0,L0248,S0276,PMCC_OPEN_BULL_STRONG,50863.01158564666
2025-12-10 15:00:00-05:00,SHORT_CALL,SELL_TO_OPEN,649.8913726272582,2026-01-11 00:00:00-05:00,1,5.541777579450951,627.54,0.17662400512695314,0.28,1.9396221528078328,1.0,0.0,L0257,S0277,PMCC_OPEN_BULL_STRONG,51414.249721438944
2025-12-10 15:00:00-05:00,SHORT_CALL,SELL_TO_OPEN,649.8913726272582,2026-01-11 00:00:00-05:00,1,5.541777579450951,627.54,0.17662400512695314,0.28,1.9396221528078328,1.0,0.0,L0260,S0278,PMCC_OPEN_BULL_STRONG,51965.48785723123
2025-12-11 10:00:00-05:00,SHORT_CALL,BUY_TO_CLOSE,649.8913726272582,2026-01-11 00:00:00-05:00,2,3.255162637709745,621.14,0.16632000427246096,0.19856066463259764,2.2786138463968215,2.0,453.04437450184435,L0248,S0276,PMCC_PROFIT_EARLY,51310.176715842885
2025-12-11 10:00:00-05:00,SHORT_CALL,BUY_TO_CLOSE,649.8913726272582,2026-01-11 00:00:00-05:00,1,3.255162637709745,621.14,0.16632000427246096,0.19856066463259764,1.1393069231984108,1.0,226.52218725092217,L0257,S0277,PMCC_PROFIT_EARLY,50982.52114514871
2025-12-11 10:00:00-05:00,SHORT_CALL,BUY_TO_CLOSE,649.8913726272582,2026-01-11 00:00:00-05:00,1,3.255162637709745,621.14,0.16632000427246096,0.19856066463259764,1.1393069231984108,1.0,226.52218725092217,L0260,S0278,PMCC_PROFIT_EARLY,50654.86557445454
2025-12-11 15:00:00-05:00,SHORT_CALL,SELL_TO_OPEN,646.637637840271,2026-01-12 00:00:00-05:00,2,5.210530319066521,625.62,0.16632000427246096,0.28,3.647371223346565,2.0,0.0,L0248,S0279,PMCC_OPEN_BULL_STRONG,51691.324267044496
2025-12-11 15:00:00-05:00,SHORT_CALL,SELL_TO_OPEN,646.637637840271,2026-01-12 00:00:00-05:00,1,5.210530319066521,625.62,0.16632000427246096,0.28,1.8236856116732825,1.0,0.0,L0257,S0280,PMCC_OPEN_BULL_STRONG,52209.55361333948
2025-12-11 15:00:00-05:00,SHORT_CALL,SELL_TO_OPEN,646.637637840271,2026-01-12 00:00:00-05:00,1,5.210530319066521,625.62,0.16632000427246096,0.28,1.8236856116732825,1.0,0.0,L0260,S0281,PMCC_OPEN_BULL_STRONG,52727.78295963446
2025-12-12 10:00:00-05:00,SHORT_CALL,BUY_TO_CLOSE,646.637637840271,2026-01-12 00:00:00-05:00,2,3.0243541610814617,614.36,0.17628799743652343,0.18069558359990584,2.117047912757023,2.0,433.11818368425486,L0248,S0279,PMCC_PROFIT_EARLY,52118.79507950541
2025-12-12 10:00:00-05:00,SHORT_CALL,BUY_TO_CLOSE,646.637637840271,2026-01-12 00:00:00-05:00,1,3.0243541610814617,614.36,0.17628799743652343,0.18069558359990584,1.0585239563785116,1.0,216.55909184212743,L0257,S0280,PMCC_PROFIT_EARLY,51814.30113944089
2025-12-12 10:00:00-05:00,SHORT_CALL,BUY_TO_CLOSE,646.637637840271,2026-01-12 00:00:00-05:00,1,3.0243541610814617,614.36,0.17628799743652343,0.18069558359990584,1.0585239563785116,1.0,216.55909184212743,L0260,S0281,PMCC_PROFIT_EARLY,51509.807199376366
2025-12-12 15:00:00-05:00,SHORT_CALL,SELL_TO_OPEN,635.3465576286314,2026-01-13 00:00:00-05:00,2,5.408167420310264,613.57,0.17628799743652343,0.28,3.7857171942171846,2.0,0.0,L0248,S0282,PMCC_OPEN_BULL_STRONG,52585.654966244205
2025-12-12 15:00:00-05:00,SHORT_CALL,SELL_TO_OPEN,635.3465576286314,2026-01-13 00:00:00-05:00,1,5.408167420310264,613.57,0.17628799743652343,0.28,1.8928585971085923,1.0,0.0,L0257,S0283,PMCC_OPEN_BULL_STRONG,53123.578849678124
2025-12-12 15:00:00-05:00,SHORT_CALL,SELL_TO_OPEN,635.3465576286314,2026-01-13 00:00:00-05:00,1,5.408167420310264,613.57,0.17628799743652343,0.28,1.8928585971085923,1.0,0.0,L0260,S0284,PMCC_OPEN_BULL_STRONG,53661.502733112044
2025-12-16 10:00:00-05:00,SHORT_CALL,BUY_TO_CLOSE,635.3465576286314,2026-01-13 00:00:00-05:00,2,4.324880766229597,610.45,0.1845759948730469,0.24097134276704774,3.027416536360718,2.0,211.6299142797725,L0248,S0282,PMCC_PROFIT_EARLY,52791.49916332976
2025-12-16 10:00:00-05:00,SHORT_CALL,BUY_TO_CLOSE,635.3465576286314,2026-01-13 00:00:00-05:00,1,4.324880766229597,610.45,0.1845759948730469,0.24097134276704774,1.513708268180359,1.0,105.81495713988625,L0257,S0283,PMCC_PROFIT_EARLY,52356.497378438624
2025-12-16 10:00:00-05:00,SHORT_CALL,BUY_TO_CLOSE,635.3465576286314,2026-01-13 00:00:00-05:00,1,4.324880766229597,610.45,0.1845759948730469,0.24097134276704774,1.513708268180359,1.0,105.81495713988625,L0260,S0284,PMCC_PROFIT_EARLY,51921.495593547486
2025-12-16 15:00:00-05:00,SHORT_CALL,SELL_TO_OPEN,634.5149514007569,2026-01-17 00:00:00-05:00,2,5.639062661296151,611.8,0.1845759948730469,0.28,3.947343862907306,2.0,0.0,L0248,S0285,PMCC_OPEN_BULL_STRONG,53043.36078194381
2025-12-16 15:00:00-05:00,SHORT_CALL,SELL_TO_OPEN,634.5149514007569,2026-01-17 00:00:00-05:00,1,5.639062661296151,611.8,0.1845759948730469,0.28,1.973671931453653,1.0,0.0,L0257,S0286,PMCC_OPEN_BULL_STRONG,53604.29337614197
2025-12-16 15:00:00-05:00,SHORT_CALL,SELL_TO_OPEN,634.5149514007569,2026-01-17 00:00:00-05:00,1,5.639062661296151,611.8,0.1845759948730469,0.28,1.973671931453653,1.0,0.0,L0260,S0287,PMCC_OPEN_BULL_STRONG,54165.22597034013
2025-12-17 10:00:00-05:00,SHORT_CALL,BUY_TO_CLOSE,634.5149514007569,2026-01-17 00:00:00-05:00,2,4.350150999690129,604.51,0.1973440093994141,0.22326061918646845,3.0451056997830905,2.0,252.7372266214213,L0248,S0285,PMCC_PROFIT_EARLY,53290.15066470232
2025-12-17 10:00:00-05:00,SHORT_CALL,BUY_TO_CLOSE,634.5149514007569,2026-01-17 00:00:00-05:00,1,4.350150999690129,604.51,0.1973440093994141,0.22326061918646845,1.5225528498915453,1.0,126.36861331071066,L0257,S0286,PMCC_PROFIT_EARLY,52852.61301188341
2025-12-17 10:00:00-05:00,SHORT_CALL,BUY_TO_CLOSE,634.5149514007569,2026-01-17 00:00:00-05:00,1,4.350150999690129,604.51,0.1973440093994141,0.22326061918646845,1.5225528498915453,1.0,126.36861331071066,L0260,S0287,PMCC_PROFIT_EARLY,52415.0753590645
2025-12-17 15:00:00-05:00,SHORT_CALL,SELL_TO_OPEN,624.155434776306,2026-01-18 00:00:00-05:00,2,5.905284324468681,600.36,0.1973440093994141,0.28,4.133699027128077,2.0,0.0,L0248,S0288,PMCC_OPEN_BULL_STRONG,53589.998524931114
2025-12-17 15:00:00-05:00,SHORT_CALL,SELL_TO_OPEN,624.155434776306,2026-01-18 00:00:00-05:00,1,5.905284324468681,600.36,0.1973440093994141,0.28,2.0668495135640383,1.0,0.0,L0257,S0289,PMCC_OPEN_BULL_STRONG,54177.46010786442
2025-12-17 15:00:00-05:00,SHORT_CALL,SELL_TO_OPEN,624.155434776306,2026-01-18 00:00:00-05:00,1,5.905284324468681,600.36,0.1973440093994141,0.28,2.0668495135640383,1.0,0.0,L0260,S0290,PMCC_OPEN_BULL_STRONG,54764.921690797724
2025-12-19 10:00:00-05:00,SHORT_CALL,BUY_TO_CLOSE,624.155434776306,2026-01-18 00:00:00-05:00,2,8.427753317699086,614.82,0.16699199829101563,0.4089014006511608,5.89942732238936,2.0,-512.3932259684702,L0248,S0288,PMCC_STRIKE_GAP,53071.47159993552
2025-12-19 10:00:00-05:00,SHORT_CALL,BUY_TO_CLOSE,624.155434776306,2026-01-18 00:00:00-05:00,1,8.427753317699086,614.82,0.16699199829101563,0.4089014006511608,2.94971366119468,1.0,-256.1966129842351,L0257,S0289,PMCC_STRIKE_GAP,52224.74655450442
2025-12-19 10:00:00-05:00,SHORT_CALL,BUY_TO_CLOSE,624.155434776306,2026-01-18 00:00:00-05:00,1,8.427753317699086,614.82,0.16699199829101563,0.4089014006511608,2.94971366119468,1.0,-256.1966129842351,L0260,S0290,PMCC_STRIKE_GAP,51378.02150907332
2025-12-19 15:00:00-05:00,SHORT_CALL,SELL_TO_OPEN,638.0305035095215,2026-01-20 00:00:00-05:00,2,5.161021935637933,617.24,0.16699199829101563,0.28,3.612715354946553,2.0,0.0,L0248,S0291,PMCC_OPEN_BULL_STRONG,52404.61318084596
2025-12-19 15:00:00-05:00,SHORT_CALL,SELL_TO_OPEN,638.0305035095215,2026-01-20 00:00:00-05:00,1,5.161021935637933,617.24,0.16699199829101563,0.28,1.8063576774732766,1.0,0.0,L0257,S0292,PMCC_OPEN_BULL_STRONG,52917.90901673228
2025-12-19 15:00:00-05:00,SHORT_CALL,SELL_TO_OPEN,638.0305035095215,2026-01-20 00:00:00-05:00,1,5.161021935637933,617.24,0.16699199829101563,0.28,1.8063576774732766,1.0,0.0,L0260,S0293,PMCC_OPEN_BULL_STRONG,53431.2048526186
2025-12-29 10:00:00-05:00,SHORT_CALL,BUY_TO_CLOSE,638.0305035095215,2026-01-20 00:00:00-05:00,2,3.632639125258237,620.02,0.15903999786376954,0.25487727855498565,2.542847387680766,2.0,301.13371468825846,L0248,S0291,PMCC_PROFIT_EARLY,52700.134180179266
2025-12-29 10:00:00-05:00,SHORT_CALL,BUY_TO_CLOSE,638.0305035095215,2026-01-20 00:00:00-05:00,1,3.632639125258237,620.02,0.15903999786376954,0.25487727855498565,1.271423693840383,1.0,150.56685734412923,L0257,S0292,PMCC_PROFIT_EARLY,52334.598843959604
2025-12-29 10:00:00-05:00,SHORT_CALL,BUY_TO_CLOSE,638.0305035095215,2026-01-20 00:00:00-05:00,1,3.632639125258237,620.02,0.15903999786376954,0.25487727855498565,1.271423693840383,1.0,150.56685734412923,L0260,S0293,PMCC_PROFIT_EARLY,51969.06350773994
2025-12-29 15:00:00-05:00,SHORT_CALL,SELL_TO_OPEN,640.8603068695068,2026-01-30 00:00:00-05:00,2,4.95000154183856,620.89,0.15903999786376954,0.28,3.465001079286992,2.0,0.0,L0248,S0294,PMCC_OPEN_BULL_STRONG,52953.59881502837
2025-12-29 15:00:00-05:00,SHORT_CALL,SELL_TO_OPEN,640.8603068695068,2026-01-30 00:00:00-05:00,1,4.95000154183856,620.89,0.15903999786376954,0.28,1.732500539643496,1.0,0.0,L0257,S0295,PMCC_OPEN_BULL_STRONG,53445.86646867258
2025-12-29 15:00:00-05:00,SHORT_CALL,SELL_TO_OPEN,640.8603068695068,2026-01-30 00:00:00-05:00,1,4.95000154183856,620.89,0.15903999786376954,0.28,1.732500539643496,1.0,0.0,L0260,S0296,PMCC_OPEN_BULL_STRONG,53938.1341223168
2025-12-31 15:00:00-05:00,SHORT_CALL,BUY_TO_CLOSE,640.8603068695068,2026-01-30 00:00:00-05:00,2,3.47830801894348,614.28,0.16743999786376954,0.21251804759552967,2.434815613260436,2.0,289.90388896575564,L0248,S0294,PMCC_PROFIT_EARLY,53238.037702914844
2025-12-31 15:00:00-05:00,SHORT_CALL,BUY_TO_CLOSE,640.8603068695068,2026-01-30 00:00:00-05:00,1,3.47830801894348,614.28,0.16743999786376954,0.21251804759552967,1.217407806630218,1.0,144.95194448287782,L0257,S0295,PMCC_PROFIT_EARLY,52887.98949321386
2025-12-31 15:00:00-05:00,SHORT_CALL,BUY_TO_CLOSE,640.8603068695068,2026-01-30 00:00:00-05:00,1,3.47830801894348,614.28,0.16743999786376954,0.21251804759552967,1.217407806630218,1.0,144.95194448287782,L0260,S0296,PMCC_PROFIT_EARLY,52537.94128351288
2025-12-31 15:00:00-05:00,SHORT_CALL,SELL_TO_OPEN,635.037819946289,2026-02-01 00:00:00-05:00,2,5.149748664140333,614.28,0.16743999786376954,0.28,3.604824064898233,2.0,0.0,L0248,S0297,PMCC_OPEN_BULL_STRONG,53562.28619227605
2025-12-31 15:00:00-05:00,SHORT_CALL,SELL_TO_OPEN,635.037819946289,2026-02-01 00:00:00-05:00,1,5.149748664140333,614.28,0.16743999786376954,0.28,1.8024120324491164,1.0,0.0,L0257,S0298,PMCC_OPEN_BULL_STRONG,54074.45864665764
2025-12-31 15:00:00-05:00,SHORT_CALL,SELL_TO_OPEN,635.037819946289,2026-02-01 00:00:00-05:00,1,5.149748664140333,614.28,0.16743999786376954,0.28,1.8024120324491164,1.0,0.0,L0260,S0299,PMCC_OPEN_BULL_STRONG,54586.631101039224
2026-01-02 10:00:00-05:00,SHORT_CALL,BUY_TO_CLOSE,635.037819946289,2026-02-01 00:00:00-05:00,2,4.0944734369353455,612.67,0.1625120025634766,0.24698183214729102,2.866131405854742,2.0,206.18891403514272,L0248,S0297,PMCC_PROFIT_EARLY,53762.8702822463
2026-01-02 10:00:00-05:00,SHORT_CALL,BUY_TO_CLOSE,635.037819946289,2026-02-01 00:00:00-05:00,1,4.0944734369353455,612.67,0.1625120025634766,0.24698183214729102,1.433065702927371,1.0,103.09445701757136,L0257,S0298,PMCC_PROFIT_EARLY,53350.98987284984
2026-01-02 10:00:00-05:00,SHORT_CALL,BUY_TO_CLOSE,635.037819946289,2026-02-01 00:00:00-05:00,1,4.0944734369353455,612.67,0.1625120025634766,0.24698183214729102,1.433065702927371,1.0,103.09445701757136,L0260,S0299,PMCC_PROFIT_EARLY,52939.10946345337
2026-01-02 15:00:00-05:00,SHORT_CALL,SELL_TO_OPEN,633.236559425354,2026-02-03 00:00:00-05:00,2,4.992356365444692,613.11,0.1625120025634766,0.28,3.4946494558112846,2.0,0.0,L0248,S0300,PMCC_OPEN_BULL_STRONG,53932.0860870865
2026-01-02 15:00:00-05:00,SHORT_CALL,SELL_TO_OPEN,633.236559425354,2026-02-03 00:00:00-05:00,1,4.992356365444692,613.11,0.1625120025634766,0.28,1.7473247279056423,1.0,0.0,L0257,S0301,PMCC_OPEN_BULL_STRONG,54428.57439890307
2026-01-02 15:00:00-05:00,SHORT_CALL,SELL_TO_OPEN,633.236559425354,2026-02-03 00:00:00-05:00,1,4.992356365444692,613.11,0.1625120025634766,0.28,1.7473247279056423,1.0,0.0,L0260,S0302,PMCC_OPEN_BULL_STRONG,54925.062710719634
2026-01-07 10:00:00-05:00,SHORT_CALL,BUY_TO_CLOSE,633.236559425354,2026-02-03 00:00:00-05:00,2,9.071235179172106,625.78,0.1722560012817383,0.4309688909399417,6.349864625420475,2.0,-824.1256273709032,L0248,S0300,PMCC_STRIKE_GAP,53102.46581025979
2026-01-07 10:00:00-05:00,SHORT_CALL,BUY_TO_CLOSE,633.236559425354,2026-02-03 00:00:00-05:00,1,9.071235179172106,625.78,0.1722560012817383,0.4309688909399417,3.1749323127102373,1.0,-412.0628136854516,L0257,S0301,PMCC_STRIKE_GAP,52191.16736002987
2026-01-07 10:00:00-05:00,SHORT_CALL,BUY_TO_CLOSE,633.236559425354,2026-02-03 00:00:00-05:00,1,9.071235179172106,625.78,0.1722560012817383,0.4309688909399417,3.1749323127102373,1.0,-412.0628136854516,L0260,S0302,PMCC_STRIKE_GAP,51279.868909799945
2026-01-07 15:00:00-05:00,SHORT_CALL,SELL_TO_OPEN,645.6828964233398,2026-02-08 00:00:00-05:00,2,5.37780426061471,624.03,0.1722560012817383,0.28,3.7644629824302966,2.0,0.0,L0248,S0303,PMCC_OPEN_BULL_STRONG,52349.665298940454
2026-01-07 15:00:00-05:00,SHORT_CALL,SELL_TO_OPEN,645.6828964233398,2026-02-08 00:00:00-05:00,1,5.37780426061471,624.03,0.1722560012817383,0.28,1.8822314912151483,1.0,0.0,L0257,S0304,PMCC_OPEN_BULL_STRONG,52884.56349351071
2026-01-07 15:00:00-05:00,SHORT_CALL,SELL_TO_OPEN,645.6828964233398,2026-02-08 00:00:00-05:00,1,5.37780426061471,624.03,0.1722560012817383,0.28,1.8822314912151483,1.0,0.0,L0260,S0305,PMCC_OPEN_BULL_STRONG,53419.46168808096
2026-01-14 10:00:00-05:00,SHORT_CALL,BUY_TO_CLOSE,645.6828964233398,2026-02-08 00:00:00-05:00,2,3.1044430406252275,616.26,0.18760000000000002,0.19058798866005938,2.1731101284376595,2.0,450.4991338694588,L0248,S0303,PMCC_PROFIT_EARLY,52794.39996982748
2026-01-14 10:00:00-05:00,SHORT_CALL,BUY_TO_CLOSE,645.6828964233398,2026-02-08 00:00:00-05:00,1,3.1044430406252275,616.26,0.18760000000000002,0.19058798866005938,1.0865550642188297,1.0,225.2495669347294,L0257,S0304,PMCC_PROFIT_EARLY,52481.86911070074
2026-01-14 10:00:00-05:00,SHORT_CALL,BUY_TO_CLOSE,645.6828964233398,2026-02-08 00:00:00-05:00,1,3.1044430406252275,616.26,0.18760000000000002,0.19058798866005938,1.0865550642188297,1.0,225.2495669347294,L0260,S0305,PMCC_PROFIT_EARLY,52169.338251574
2026-01-14 15:00:00-05:00,SHORT_CALL,SELL_TO_OPEN,643.0308290290832,2026-02-15 00:00:00-05:00,2,5.802688504156322,619.65,0.18760000000000002,0.28,4.061881952909426,2.0,0.0,L0248,S0306,PMCC_OPEN_BULL_STRONG,53323.814070452354
2026-01-14 15:00:00-05:00,SHORT_CALL,SELL_TO_OPEN,643.0308290290832,2026-02-15 00:00:00-05:00,1,5.802688504156322,619.65,0.18760000000000002,0.28,2.030940976454713,1.0,0.0,L0257,S0307,PMCC_OPEN_BULL_STRONG,53901.051979891534
2026-01-14 15:00:00-05:00,SHORT_CALL,SELL_TO_OPEN,643.0308290290832,2026-02-15 00:00:00-05:00,1,5.802688504156322,619.65,0.18760000000000002,0.28,2.030940976454713,1.0,0.0,L0260,S0308,PMCC_OPEN_BULL_STRONG,54478.289889330714
2026-01-20 15:00:00-05:00,SHORT_CALL,BUY_TO_CLOSE,643.0308290290832,2026-02-15 00:00:00-05:00,2,3.8396261161567224,608.04,0.2250080017089844,0.19508571084606946,4.607551339388067,2.0,386.0049262605319,L0248,S0306,PMCC_PROFIT_EARLY,53703.75711475998
2026-01-20 15:00:00-05:00,SHORT_CALL,BUY_TO_CLOSE,643.0308290290832,2026-02-15 00:00:00-05:00,1,3.8396261161567224,608.04,0.2250080017089844,0.19508571084606946,2.3037756696940335,1.0,193.00246313026594,L0257,S0307,PMCC_PROFIT_EARLY,53316.490727474615
2026-01-20 15:00:00-05:00,SHORT_CALL,BUY_TO_CLOSE,643.0308290290832,2026-02-15 00:00:00-05:00,1,3.8396261161567224,608.04,0.2250080017089844,0.19508571084606946,2.3037756696940335,1.0,193.00246313026594,L0260,S0308,PMCC_PROFIT_EARLY,52929.22434018925
2026-01-20 15:00:00-05:00,SHORT_CALL,SELL_TO_OPEN,635.5064553222655,2026-02-21 00:00:00-05:00,2,6.791172567934979,608.04,0.2250080017089844,0.28,8.149407081521975,2.0,0.0,L0248,S0309,PMCC_OPEN_BULL_STRONG,54277.30944669472
2026-01-20 15:00:00-05:00,SHORT_CALL,SELL_TO_OPEN,635.5064553222655,2026-02-21 00:00:00-05:00,1,6.791172567934979,608.04,0.2250080017089844,0.28,4.0747035407609875,1.0,0.0,L0257,S0310,PMCC_OPEN_BULL_STRONG,54951.35199994746
2026-01-20 15:00:00-05:00,SHORT_CALL,SELL_TO_OPEN,635.5064553222655,2026-02-21 00:00:00-05:00,1,6.791172567934979,608.04,0.2250080017089844,0.28,4.0747035407609875,1.0,0.0,L0260,S0311,PMCC_OPEN_BULL_STRONG,55625.394553200196
2026-01-23 10:00:00-05:00,SHORT_CALL,BUY_TO_CLOSE,635.5064553222655,2026-02-21 00:00:00-05:00,2,8.851094397961788,624.95,0.1802080017089844,0.401936175135142,6.195766078573252,2.0,-420.1801320839352,L0248,S0309,PMCC_STRIKE_GAP,53846.97990752927
2026-01-23 10:00:00-05:00,SHORT_CALL,BUY_TO_CLOSE,635.5064553222655,2026-02-21 00:00:00-05:00,1,8.851094397961788,624.95,0.1802080017089844,0.401936175135142,3.097883039286626,1.0,-210.0900660419676,L0257,S0310,PMCC_STRIKE_GAP,52957.772584693805
2026-01-23 10:00:00-05:00,SHORT_CALL,BUY_TO_CLOSE,635.5064553222655,2026-02-21 00:00:00-05:00,1,8.851094397961788,624.95,0.1802080017089844,0.401936175135142,3.097883039286626,1.0,-210.0900660419676,L0260,S0311,PMCC_STRIKE_GAP,52068.56526185834
2026-01-23 15:00:00-05:00,SHORT_CALL,SELL_TO_OPEN,645.3904129562378,2026-02-24 00:00:00-05:00,2,5.6084386782231945,622.78,0.1802080017089844,0.28,3.9259070747562363,2.0,0.0,L0248,S0312,PMCC_OPEN_BULL_STRONG,53184.327090428225
2026-01-23 15:00:00-05:00,SHORT_CALL,SELL_TO_OPEN,645.3904129562378,2026-02-24 00:00:00-05:00,1,5.6084386782231945,622.78,0.1802080017089844,0.28,1.9629535373781182,1.0,0.0,L0257,S0313,PMCC_OPEN_BULL_STRONG,53742.20800471317
2026-01-23 15:00:00-05:00,SHORT_CALL,SELL_TO_OPEN,645.3904129562378,2026-02-24 00:00:00-05:00,1,5.6084386782231945,622.78,0.1802080017089844,0.28,1.9629535373781182,1.0,0.0,L0260,S0314,PMCC_OPEN_BULL_STRONG,54300.08891899811
2026-01-29 10:00:00-05:00,SHORT_CALL,BUY_TO_CLOSE,645.3904129562378,2026-02-24 00:00:00-05:00,2,4.045665184753375,619.26,0.18905599060058595,0.22864058981340635,2.8319656293273625,2.0,307.7227330646366,L0248,S0312,PMCC_PROFIT_EARLY,53486.12391641811
2026-01-29 10:00:00-05:00,SHORT_CALL,BUY_TO_CLOSE,645.3904129562378,2026-02-24 00:00:00-05:00,1,4.045665184753375,619.26,0.18905599060058595,0.22864058981340635,1.4159828146636813,1.0,153.8613665323183,L0257,S0313,PMCC_PROFIT_EARLY,53079.141415128106
2026-01-29 10:00:00-05:00,SHORT_CALL,BUY_TO_CLOSE,645.3904129562378,2026-02-24 00:00:00-05:00,1,4.045665184753375,619.26,0.18905599060058595,0.22864058981340635,1.4159828146636813,1.0,153.8613665323183,L0260,S0314,PMCC_PROFIT_EARLY,52672.1589138381
2026-01-29 15:00:00-05:00,SHORT_CALL,SELL_TO_OPEN,653.2999954833984,2026-03-02 00:00:00-05:00,2,5.937673535058536,629.36,0.18905599060058595,0.28,4.156371474540975,2.0,0.0,L0248,S0315,PMCC_OPEN_BULL_STRONG,53853.537249375266
2026-01-29 15:00:00-05:00,SHORT_CALL,SELL_TO_OPEN,653.2999954833984,2026-03-02 00:00:00-05:00,1,5.937673535058536,629.36,0.18905599060058595,0.28,2.0781857372704877,1.0,0.0,L0257,S0316,PMCC_OPEN_BULL_STRONG,54444.22641714385
2026-01-29 15:00:00-05:00,SHORT_CALL,SELL_TO_OPEN,653.2999954833984,2026-03-02 00:00:00-05:00,1,5.937673535058536,629.36,0.18905599060058595,0.28,2.0781857372704877,1.0,0.0,L0260,S0317,PMCC_OPEN_BULL_STRONG,55034.915584912436
2026-01-30 15:00:00-05:00,SHORT_CALL,BUY_TO_CLOSE,653.2999954833984,2026-03-02 00:00:00-05:00,2,4.243058472276942,621.81,0.19532800598144534,0.2159065861484985,2.97014093059386,2.0,333.9528716257249,L0248,S0315,PMCC_PROFIT_EARLY,54181.33374952646
2026-01-30 15:00:00-05:00,SHORT_CALL,BUY_TO_CLOSE,653.2999954833984,2026-03-02 00:00:00-05:00,1,4.243058472276942,621.81,0.19532800598144534,0.2159065861484985,1.48507046529693,1.0,166.97643581286246,L0257,S0316,PMCC_PROFIT_EARLY,53754.54283183347
2026-01-30 15:00:00-05:00,SHORT_CALL,BUY_TO_CLOSE,653.2999954833984,2026-03-02 00:00:00-05:00,1,4.243058472276942,621.81,0.19532800598144534,0.2159065861484985,1.48507046529693,1.0,166.97643581286246,L0260,S0317,PMCC_PROFIT_EARLY,53327.75191414048
2026-01-30 15:00:00-05:00,SHORT_CALL,SELL_TO_OPEN,646.2246956176757,2026-03-03 00:00:00-05:00,2,6.055625981511156,621.81,0.19532800598144534,0.28,4.238938187057809,2.0,0.0,L0248,S0318,PMCC_OPEN_BULL_STRONG,54532.638172255654
2026-01-30 15:00:00-05:00,SHORT_CALL,SELL_TO_OPEN,646.2246956176757,2026-03-03 00:00:00-05:00,1,6.055625981511156,621.81,0.19532800598144534,0.28,2.1194690935289047,1.0,0.0,L0257,S0319,PMCC_OPEN_BULL_STRONG,55135.08130131324
2026-01-30 15:00:00-05:00,SHORT_CALL,SELL_TO_OPEN,646.2246956176757,2026-03-03 00:00:00-05:00,1,6.055625981511156,621.81,0.19532800598144534,0.28,2.1194690935289047,1.0,0.0,L0260,S0320,PMCC_OPEN_BULL_STRONG,55737.52443037083
2026-02-03 15:00:00-05:00,SHORT_CALL,BUY_TO_CLOSE,646.2246956176757,2026-03-03 00:00:00-05:00,2,4.265753684878121,616.46,0.2016,0.221466840682652,5.1189044218537445,2.0,350.8555549047534,L0248,S0318,PMCC_PROFIT_EARLY,54877.254788973354
2026-02-03 15:00:00-05:00,SHORT_CALL,BUY_TO_CLOSE,646.2246956176757,2026-03-03 00:00:00-05:00,1,4.265753684878121,616.46,0.2016,0.221466840682652,2.5594522109268723,1.0,175.4277774523767,L0257,S0319,PMCC_PROFIT_EARLY,54447.119968274616
2026-02-03 15:00:00-05:00,SHORT_CALL,BUY_TO_CLOSE,646.2246956176757,2026-03-03 00:00:00-05:00,1,4.265753684878121,616.46,0.2016,0.221466840682652,2.5594522109268723,1.0,175.4277774523767,L0260,S0320,PMCC_PROFIT_EARLY,54016.98514757588
2026-02-03 15:00:00-05:00,SHORT_CALL,SELL_TO_OPEN,641.4380776290893,2026-03-07 00:00:00-05:00,2,6.190625793942303,616.46,0.2016,0.28,7.428750952730764,2.0,0.0,L0248,S0321,PMCC_OPEN_BULL_STRONG,55245.681555411604
2026-02-03 15:00:00-05:00,SHORT_CALL,SELL_TO_OPEN,641.4380776290893,2026-03-07 00:00:00-05:00,1,6.190625793942303,616.46,0.2016,0.28,3.714375476365382,1.0,0.0,L0257,S0322,PMCC_OPEN_BULL_STRONG,55860.02975932947
2026-02-03 15:00:00-05:00,SHORT_CALL,SELL_TO_OPEN,641.4380776290893,2026-03-07 00:00:00-05:00,1,6.190625793942303,616.46,0.2016,0.28,3.714375476365382,1.0,0.0,L0260,S0323,PMCC_OPEN_BULL_STRONG,56474.37796324733
2026-02-04 10:00:00-05:00,SHORT_CALL,BUY_TO_CLOSE,641.4380776290893,2026-03-07 00:00:00-05:00,2,4.627038155658141,609.39,0.20876799316406255,0.22308384813406862,5.55244578678977,2.0,305.1650818700425,L0248,S0321,PMCC_PROFIT_EARLY,55541.41788632891
2026-02-04 10:00:00-05:00,SHORT_CALL,BUY_TO_CLOSE,641.4380776290893,2026-03-07 00:00:00-05:00,1,4.627038155658141,609.39,0.20876799316406255,0.22308384813406862,2.776222893394885,1.0,152.58254093502126,L0257,S0322,PMCC_PROFIT_EARLY,55074.9378478697
2026-02-04 10:00:00-05:00,SHORT_CALL,BUY_TO_CLOSE,641.4380776290893,2026-03-07 00:00:00-05:00,1,4.627038155658141,609.39,0.20876799316406255,0.22308384813406862,2.776222893394885,1.0,152.58254093502126,L0260,S0323,PMCC_PROFIT_EARLY,54608.457809410495
2026-02-04 15:00:00-05:00,SHORT_CALL,SELL_TO_OPEN,631.0228924331666,2026-03-08 00:00:00-05:00,2,6.291294676840522,605.62,0.20876799316406255,0.28,7.549553612208626,2.0,0.0,L0248,S0324,PMCC_OPEN_BULL_STRONG,55857.16719116639
2026-02-04 15:00:00-05:00,SHORT_CALL,SELL_TO_OPEN,631.0228924331666,2026-03-08 00:00:00-05:00,1,6.291294676840522,605.62,0.20876799316406255,0.28,3.774776806104313,1.0,0.0,L0257,S0325,PMCC_OPEN_BULL_STRONG,56481.52188204433
2026-02-04 15:00:00-05:00,SHORT_CALL,SELL_TO_OPEN,631.0228924331666,2026-03-08 00:00:00-05:00,1,6.291294676840522,605.62,0.20876799316406255,0.28,3.774776806104313,1.0,0.0,L0260,S0326,PMCC_OPEN_BULL_STRONG,57105.87657292228
2026-02-12 15:00:00-05:00,SHORT_CALL,BUY_TO_CLOSE,631.0228924331666,2026-03-08 00:00:00-05:00,2,4.513098366570546,600.56,0.23318399658203126,0.22421432629099508,5.415718039884655,2.0,348.22354401411064,L0248,S0324,PMCC_PROFIT_EARLY,56195.841181568285
2026-02-12 15:00:00-05:00,SHORT_CALL,BUY_TO_CLOSE,631.0228924331666,2026-03-08 00:00:00-05:00,1,4.513098366570546,600.56,0.23318399658203126,0.22421432629099508,2.7078590199423274,1.0,174.11177200705532,L0257,S0325,PMCC_PROFIT_EARLY,55740.82348589129
2026-02-12 15:00:00-05:00,SHORT_CALL,BUY_TO_CLOSE,631.0228924331666,2026-03-08 00:00:00-05:00,1,4.513098366570546,600.56,0.23318399658203126,0.22421432629099508,2.7078590199423274,1.0,174.11177200705532,L0260,S0326,PMCC_PROFIT_EARLY,55285.8057902143
2026-02-18 15:00:00-05:00,SHORT_CALL,SELL_TO_OPEN,638.8912250518799,2026-03-22 01:00:00-04:00,2,5.105867823078739,605.7,0.21974400939941408,0.23,6.127041387694487,2.0,0.0,L0248,S0327,PMCC_OPEN_BULL_MODERATE,56298.85231344235
2026-02-18 15:00:00-05:00,SHORT_CALL,SELL_TO_OPEN,638.8912250518799,2026-03-22 01:00:00-04:00,1,5.105867823078739,605.7,0.21974400939941408,0.23,3.0635206938472437,1.0,0.0,L0257,S0328,PMCC_OPEN_BULL_MODERATE,56805.37557505638
2026-02-18 15:00:00-05:00,SHORT_CALL,SELL_TO_OPEN,638.8912250518799,2026-03-22 01:00:00-04:00,1,5.105867823078739,605.7,0.21974400939941408,0.23,3.0635206938472437,1.0,0.0,L0260,S0329,PMCC_OPEN_BULL_MODERATE,57311.89883667041
2026-02-23 10:00:00-05:00,SHORT_CALL,BUY_TO_CLOSE,638.8912250518799,2026-03-22 01:00:00-04:00,2,3.848303408432841,600.85,0.23531200256347662,0.1878811028906548,4.6179640901194094,2.0,244.89491883906032,L0248,S0327,PMCC_PROFIT_EARLY,56535.62019089372
2026-02-23 10:00:00-05:00,SHORT_CALL,BUY_TO_CLOSE,638.8912250518799,2026-03-22 01:00:00-04:00,1,3.848303408432841,600.85,0.23531200256347662,0.1878811028906548,2.3089820450597047,1.0,122.44745941953016,L0257,S0328,PMCC_PROFIT_EARLY,56147.480868005376
2026-02-23 10:00:00-05:00,SHORT_CALL,BUY_TO_CLOSE,638.8912250518799,2026-03-22 01:00:00-04:00,1,3.848303408432841,600.85,0.23531200256347662,0.1878811028906548,2.3089820450597047,1.0,122.44745941953016,L0260,S0329,PMCC_PROFIT_EARLY,55759.34154511703
2026-02-23 15:00:00-05:00,SHORT_CALL,SELL_TO_OPEN,636.7499132080078,2026-03-27 01:00:00-04:00,2,5.417507483406297,601.44,0.23531200256347662,0.23,6.501008980087557,2.0,0.0,L0248,S0330,PMCC_OPEN_BULL_MODERATE,56834.342032818204
2026-02-23 15:00:00-05:00,SHORT_CALL,SELL_TO_OPEN,636.7499132080078,2026-03-27 01:00:00-04:00,1,5.417507483406297,601.44,0.23531200256347662,0.23,3.2505044900437783,1.0,0.0,L0257,S0331,PMCC_OPEN_BULL_MODERATE,57371.84227666879
2026-02-23 15:00:00-05:00,SHORT_CALL,SELL_TO_OPEN,636.7499132080078,2026-03-27 01:00:00-04:00,1,5.417507483406297,601.44,0.23531200256347662,0.23,3.2505044900437783,1.0,0.0,L0260,S0332,PMCC_OPEN_BULL_MODERATE,57909.34252051937
2026-02-26 10:00:00-05:00,SHORT_CALL,BUY_TO_CLOSE,636.7499132080078,2026-03-27 01:00:00-04:00,2,4.734247584589127,607.3,0.20865599060058598,0.2335310901249415,5.6810971015069525,2.0,128.97088266192702,L0248,S0330,PMCC_PROFIT_EARLY,56954.811906500036
2026-02-26 10:00:00-05:00,SHORT_CALL,BUY_TO_CLOSE,636.7499132080078,2026-03-27 01:00:00-04:00,1,4.734247584589127,607.3,0.20865599060058598,0.2335310901249415,2.8405485507534762,1.0,64.48544133096351,L0257,S0331,PMCC_PROFIT_EARLY,56477.54659949037
2026-02-26 10:00:00-05:00,SHORT_CALL,BUY_TO_CLOSE,636.7499132080078,2026-03-27 01:00:00-04:00,1,4.734247584589127,607.3,0.20865599060058598,0.2335310901249415,2.8405485507534762,1.0,64.48544133096351,L0260,S0332,PMCC_PROFIT_EARLY,56000.28129248071
2026-02-26 15:00:00-05:00,SHORT_CALL,SELL_TO_OPEN,640.9461961746215,2026-03-30 01:00:00-04:00,2,4.884657023572316,609.26,0.20865599060058598,0.23,5.86158842828678,2.0,0.0,L0248,S0333,PMCC_OPEN_BULL_MODERATE,56969.35110876688
2026-02-26 15:00:00-05:00,SHORT_CALL,SELL_TO_OPEN,640.9461961746215,2026-03-30 01:00:00-04:00,1,4.884657023572316,609.26,0.20865599060058598,0.23,2.93079421414339,1.0,0.0,L0257,S0334,PMCC_OPEN_BULL_MODERATE,57453.88601690997
2026-02-26 15:00:00-05:00,SHORT_CALL,SELL_TO_OPEN,640.9461961746215,2026-03-30 01:00:00-04:00,1,4.884657023572316,609.26,0.20865599060058598,0.23,2.93079421414339,1.0,0.0,L0260,S0335,PMCC_OPEN_BULL_MODERATE,57938.42092505306
2026-03-03 10:00:00-05:00,SHORT_CALL,BUY_TO_CLOSE,640.9461961746215,2026-03-30 01:00:00-04:00,2,3.5576300785890567,594.17,0.26398399658203126,0.16292132756613675,4.269156094306868,2.0,259.1362329023451,L0248,S0333,PMCC_PROFIT_EARLY,57220.62575324094
2026-03-03 10:00:00-05:00,SHORT_CALL,BUY_TO_CLOSE,640.9461961746215,2026-03-30 01:00:00-04:00,1,3.5576300785890567,594.17,0.26398399658203126,0.16292132756613675,2.134578047153434,1.0,129.56811645117256,L0257,S0334,PMCC_PROFIT_EARLY,56861.728167334884
2026-03-03 10:00:00-05:00,SHORT_CALL,BUY_TO_CLOSE,640.9461961746215,2026-03-30 01:00:00-04:00,1,3.5576300785890567,594.17,0.26398399658203126,0.16292132756613675,2.134578047153434,1.0,129.56811645117256,L0260,S0335,PMCC_PROFIT_EARLY,56502.830581428825
2026-03-03 15:00:00-05:00,SHORT_CALL,SELL_TO_OPEN,641.4091301994322,2026-04-04 01:00:00-04:00,2,6.055061514191806,601.67,0.26398399658203126,0.23,7.2660738170301675,2.0,0.0,L0248,S0336,PMCC_OPEN_BULL_MODERATE,57704.576810450155
2026-03-03 15:00:00-05:00,SHORT_CALL,SELL_TO_OPEN,641.4091301994322,2026-04-04 01:00:00-04:00,1,6.055061514191806,601.67,0.26398399658203126,0.23,3.6330369085150838,1.0,0.0,L0257,S0337,PMCC_OPEN_BULL_MODERATE,58305.44992496082
2026-03-03 15:00:00-05:00,SHORT_CALL,SELL_TO_OPEN,641.4091301994322,2026-04-04 01:00:00-04:00,1,6.055061514191806,601.67,0.26398399658203126,0.23,3.6330369085150838,1.0,0.0,L0260,S0338,PMCC_OPEN_BULL_MODERATE,58906.323039471485
2026-03-09 10:00:00-04:00,SHORT_CALL,BUY_TO_CLOSE,641.4091301994322,2026-04-04 01:00:00-04:00,2,4.672124234106008,597.05,0.2856,0.19255833624180296,9.344248468212015,2.0,265.24320754894757,L0248,S0336,PMCC_PROFIT_EARLY,57960.55394418207
2026-03-09 10:00:00-04:00,SHORT_CALL,BUY_TO_CLOSE,641.4091301994322,2026-04-04 01:00:00-04:00,1,4.672124234106008,597.05,0.2856,0.19255833624180296,4.672124234106008,1.0,132.62160377447378,L0257,S0337,PMCC_PROFIT_EARLY,57487.66939653736
2026-03-09 10:00:00-04:00,SHORT_CALL,BUY_TO_CLOSE,641.4091301994322,2026-04-04 01:00:00-04:00,1,4.672124234106008,597.05,0.2856,0.19255833624180296,4.672124234106008,1.0,132.62160377447378,L0260,S0338,PMCC_PROFIT_EARLY,57014.784848892654
2026-03-09 15:00:00-04:00,SHORT_CALL,SELL_TO_OPEN,651.3646466369628,2026-04-10 00:00:00-04:00,2,6.597467963568533,607.81,0.2856,0.23,13.194935927137067,2.0,0.0,L0248,S0339,PMCC_OPEN_BULL_MODERATE,58319.08350567922
2026-03-09 15:00:00-04:00,SHORT_CALL,SELL_TO_OPEN,651.3646466369628,2026-04-10 00:00:00-04:00,1,6.597467963568533,607.81,0.2856,0.23,6.597467963568533,1.0,0.0,L0257,S0340,PMCC_OPEN_BULL_MODERATE,58971.23283407251
2026-03-09 15:00:00-04:00,SHORT_CALL,SELL_TO_OPEN,651.3646466369628,2026-04-10 00:00:00-04:00,1,6.597467963568533,607.81,0.2856,0.23,6.597467963568533,1.0,0.0,L0260,S0341,PMCC_OPEN_BULL_MODERATE,59623.382162465794
2026-03-11 10:00:00-04:00,SHORT_CALL,BUY_TO_CLOSE,651.3646466369628,2026-04-10 00:00:00-04:00,2,5.760777934250484,609.69,0.27137599487304687,0.21978650430165197,6.912933521100581,2.0,158.42507234250934,L0248,S0339,PMCC_PROFIT_EARLY,58462.313642094596
2026-03-11 10:00:00-04:00,SHORT_CALL,BUY_TO_CLOSE,651.3646466369628,2026-04-10 00:00:00-04:00,1,5.760777934250484,609.69,0.27137599487304687,0.21978650430165197,3.4564667605502906,1.0,79.21253617125467,L0257,S0340,PMCC_PROFIT_EARLY,57881.779381909
2026-03-11 10:00:00-04:00,SHORT_CALL,BUY_TO_CLOSE,651.3646466369628,2026-04-10 00:00:00-04:00,1,5.760777934250484,609.69,0.27137599487304687,0.21978650430165197,3.4564667605502906,1.0,79.21253617125467,L0260,S0341,PMCC_PROFIT_EARLY,57301.245121723405
2026-03-11 15:00:00-04:00,SHORT_CALL,SELL_TO_OPEN,649.0322436561584,2026-04-12 00:00:00-04:00,2,6.2809843843674,607.73,0.27137599487304687,0.23,7.537181261240881,2.0,0.0,L0248,S0342,PMCC_OPEN_BULL_MODERATE,58547.90481733564
2026-03-11 15:00:00-04:00,SHORT_CALL,SELL_TO_OPEN,649.0322436561584,2026-04-12 00:00:00-04:00,1,6.2809843843674,607.73,0.27137599487304687,0.23,3.7685906306204404,1.0,0.0,L0257,S0343,PMCC_OPEN_BULL_MODERATE,59171.23466514176
2026-03-11 15:00:00-04:00,SHORT_CALL,SELL_TO_OPEN,649.0322436561584,2026-04-12 00:00:00-04:00,1,6.2809843843674,607.73,0.27137599487304687,0.23,3.7685906306204404,1.0,0.0,L0260,S0344,PMCC_OPEN_BULL_MODERATE,59794.56451294788
2026-03-12 15:00:00-04:00,SHORT_CALL,BUY_TO_CLOSE,649.0322436561584,2026-04-12 00:00:00-04:00,2,5.583040860632778,597.33,0.3056480102539063,0.19682121914189488,11.166081721265554,2.0,126.42262302565905,L0248,S0342,PMCC_PROFIT_EARLY,58664.79025910006
2026-03-12 15:00:00-04:00,SHORT_CALL,BUY_TO_CLOSE,649.0322436561584,2026-04-12 00:00:00-04:00,1,5.583040860632778,597.33,0.3056480102539063,0.19682121914189488,5.583040860632777,1.0,63.211311512829525,L0257,S0343,PMCC_PROFIT_EARLY,58099.90313217615
2026-03-12 15:00:00-04:00,SHORT_CALL,BUY_TO_CLOSE,649.0322436561584,2026-04-12 00:00:00-04:00,1,5.583040860632778,597.33,0.3056480102539063,0.19682121914189488,5.583040860632777,1.0,63.211311512829525,L0260,S0344,PMCC_PROFIT_EARLY,57535.01600525224
2026-03-12 15:00:00-04:00,SHORT_CALL,SELL_TO_OPEN,643.2868398971557,2026-04-13 00:00:00-04:00,2,6.919621267540009,597.33,0.3056480102539063,0.23,13.839242535080018,2.0,0.0,L0248,S0345,PMCC_OPEN_BULL_MODERATE,58903.10101622516
2026-03-12 15:00:00-04:00,SHORT_CALL,SELL_TO_OPEN,643.2868398971557,2026-04-13 00:00:00-04:00,1,6.919621267540009,597.33,0.3056480102539063,0.23,6.919621267540009,1.0,0.0,L0257,S0346,PMCC_OPEN_BULL_MODERATE,59587.14352171162
2026-03-12 15:00:00-04:00,SHORT_CALL,SELL_TO_OPEN,643.2868398971557,2026-04-13 00:00:00-04:00,1,6.919621267540009,597.33,0.3056480102539063,0.23,6.919621267540009,1.0,0.0,L0260,S0347,PMCC_OPEN_BULL_MODERATE,60271.186027198084
2026-03-13 15:00:00-04:00,SHORT_CALL,BUY_TO_CLOSE,643.2868398971557,2026-04-13 00:00:00-04:00,2,5.809845950743963,593.69,0.30452800598144536,0.20462962498352738,11.619691901487927,2.0,208.3353714577213,L0248,S0345,PMCC_PROFIT_EARLY,59095.5971451478
2026-03-13 15:00:00-04:00,SHORT_CALL,BUY_TO_CLOSE,643.2868398971557,2026-04-13 00:00:00-04:00,1,5.809845950743963,593.69,0.30452800598144536,0.20462962498352738,5.809845950743964,1.0,104.16768572886065,L0257,S0346,PMCC_PROFIT_EARLY,58507.80270412266
2026-03-13 15:00:00-04:00,SHORT_CALL,BUY_TO_CLOSE,643.2868398971557,2026-04-13 00:00:00-04:00,1,5.809845950743963,593.69,0.30452800598144536,0.20462962498352738,5.809845950743964,1.0,104.16768572886065,L0260,S0347,PMCC_PROFIT_EARLY,57920.00826309752
2026-03-13 15:00:00-04:00,SHORT_CALL,SELL_TO_OPEN,639.1899120521546,2026-04-14 00:00:00-04:00,2,6.853325144117832,593.69,0.30452800598144536,0.23,13.706650288235664,2.0,0.0,L0248,S0348,PMCC_OPEN_BULL_MODERATE,59274.966641632855
2026-03-13 15:00:00-04:00,SHORT_CALL,SELL_TO_OPEN,639.1899120521546,2026-04-14 00:00:00-04:00,1,6.853325144117832,593.69,0.30452800598144536,0.23,6.853325144117832,1.0,0.0,L0257,S0349,PMCC_OPEN_BULL_MODERATE,59952.44583090052
2026-03-13 15:00:00-04:00,SHORT_CALL,SELL_TO_OPEN,639.1899120521546,2026-04-14 00:00:00-04:00,1,6.853325144117832,593.69,0.30452800598144536,0.23,6.853325144117832,1.0,0.0,L0260,S0350,PMCC_OPEN_BULL_MODERATE,60629.925020168186
2026-03-16 10:00:00-04:00,SHORT_CALL,BUY_TO_CLOSE,639.1899120521546,2026-04-14 00:00:00-04:00,2,5.589668075124536,600.94,0.26331200256347664,0.22491620204893747,6.707601690149443,2.0,244.0238121085099,L0248,S0348,PMCC_PROFIT_EARLY,59503.28380345313
2026-03-16 10:00:00-04:00,SHORT_CALL,BUY_TO_CLOSE,639.1899120521546,2026-04-14 00:00:00-04:00,1,5.589668075124536,600.94,0.26331200256347664,0.22491620204893747,3.3538008450747214,1.0,122.01190605425495,L0257,S0349,PMCC_PROFIT_EARLY,58939.9631950956
2026-03-16 10:00:00-04:00,SHORT_CALL,BUY_TO_CLOSE,639.1899120521546,2026-04-14 00:00:00-04:00,1,5.589668075124536,600.94,0.26331200256347664,0.22491620204893747,3.3538008450747214,1.0,122.01190605425495,L0260,S0350,PMCC_PROFIT_EARLY,58376.642586738075
2026-03-16 15:00:00-04:00,SHORT_CALL,SELL_TO_OPEN,639.8610638122557,2026-04-17 00:00:00-04:00,2,6.0265337759794875,600.31,0.26331200256347664,0.23,7.2318405311753855,2.0,0.0,L0248,S0351,PMCC_OPEN_BULL_MODERATE,59572.717501402796
2026-03-16 15:00:00-04:00,SHORT_CALL,SELL_TO_OPEN,639.8610638122557,2026-04-17 00:00:00-04:00,1,6.0265337759794875,600.31,0.26331200256347664,0.23,3.6159202655876928,1.0,0.0,L0257,S0352,PMCC_OPEN_BULL_MODERATE,60170.75495873516
2026-03-16 15:00:00-04:00,SHORT_CALL,SELL_TO_OPEN,639.8610638122557,2026-04-17 00:00:00-04:00,1,6.0265337759794875,600.31,0.26331200256347664,0.23,3.6159202655876928,1.0,0.0,L0260,S0353,PMCC_OPEN_BULL_MODERATE,60768.792416067525
2026-03-18 15:00:00-04:00,SHORT_CALL,BUY_TO_CLOSE,639.8610638122557,2026-04-17 00:00:00-04:00,2,5.2590449397555545,594.77,0.2810080017089844,0.2032794230433363,10.518089879511107,2.0,140.97967736527562,L0248,S0351,PMCC_PROFIT_EARLY,59704.4653382369
2026-03-18 15:00:00-04:00,SHORT_CALL,BUY_TO_CLOSE,639.8610638122557,2026-04-17 00:00:00-04:00,1,5.2590449397555545,594.77,0.2810080017089844,0.2032794230433363,5.259044939755554,1.0,70.48983868263781,L0257,S0352,PMCC_PROFIT_EARLY,59172.30179932159
2026-03-18 15:00:00-04:00,SHORT_CALL,BUY_TO_CLOSE,639.8610638122557,2026-04-17 00:00:00-04:00,1,5.2590449397555545,594.77,0.2810080017089844,0.2032794230433363,5.259044939755554,1.0,70.48983868263781,L0260,S0353,PMCC_PROFIT_EARLY,58640.13826040628
2026-03-18 15:00:00-04:00,SHORT_CALL,SELL_TO_OPEN,636.686419380188,2026-04-19 00:00:00-04:00,2,6.356369337531959,594.77,0.2810080017089844,0.23,12.712738675063918,2.0,0.0,L0248,S0354,PMCC_OPEN_BULL_MODERATE,59896.69938923761
2026-03-18 15:00:00-04:00,SHORT_CALL,SELL_TO_OPEN,636.686419380188,2026-04-19 00:00:00-04:00,1,6.356369337531959,594.77,0.2810080017089844,0.23,6.356369337531959,1.0,0.0,L0257,S0355,PMCC_OPEN_BULL_MODERATE,60524.979953653274
2026-03-18 15:00:00-04:00,SHORT_CALL,SELL_TO_OPEN,636.686419380188,2026-04-19 00:00:00-04:00,1,6.356369337531959,594.77,0.2810080017089844,0.23,6.356369337531959,1.0,0.0,L0260,S0356,PMCC_OPEN_BULL_MODERATE,61153.260518068935
2026-03-19 10:00:00-04:00,SHORT_CALL,BUY_TO_CLOSE,636.686419380188,2026-04-19 00:00:00-04:00,2,4.756086191154964,591.04,0.2694719940185547,0.19243174947978475,5.707303429385957,2.0,312.349325846013,L0248,S0354,PMCC_PROFIT_EARLY,60194.335976408554
2026-03-19 10:00:00-04:00,SHORT_CALL,BUY_TO_CLOSE,636.686419380188,2026-04-19 00:00:00-04:00,1,4.756086191154964,591.04,0.2694719940185547,0.19243174947978475,2.8536517146929783,1.0,156.1746629230065,L0257,S0355,PMCC_PROFIT_EARLY,59714.873705578364
2026-03-19 10:00:00-04:00,SHORT_CALL,BUY_TO_CLOSE,636.686419380188,2026-04-19 00:00:00-04:00,1,4.756086191154964,591.04,0.2694719940185547,0.19243174947978475,2.8536517146929783,1.0,156.1746629230065,L0260,S0356,PMCC_PROFIT_EARLY,59235.41143474817
2026-03-19 15:00:00-04:00,SHORT_CALL,SELL_TO_OPEN,633.0043383331299,2026-04-20 00:00:00-04:00,2,6.087384110835217,592.99,0.2694719940185547,0.23,7.30486093300226,2.0,0.0,L0248,S0357,PMCC_OPEN_BULL_MODERATE,60443.58339598221
2026-03-19 15:00:00-04:00,SHORT_CALL,SELL_TO_OPEN,633.0043383331299,2026-04-20 00:00:00-04:00,1,6.087384110835217,592.99,0.2694719940185547,0.23,3.65243046650113,1.0,0.0,L0257,S0358,PMCC_OPEN_BULL_MODERATE,61047.66937659923
2026-03-19 15:00:00-04:00,SHORT_CALL,SELL_TO_OPEN,633.0043383331299,2026-04-20 00:00:00-04:00,1,6.087384110835217,592.99,0.2694719940185547,0.23,3.65243046650113,1.0,0.0,L0260,S0359,PMCC_OPEN_BULL_MODERATE,61651.75535721625
2026-03-20 15:00:00-04:00,SHORT_CALL,BUY_TO_CLOSE,633.0043383331299,2026-04-20 00:00:00-04:00,2,5.0825248518703035,582.07,0.29993600769042966,0.18920565188866073,10.165049703740607,2.0,188.80680208924196,L0248,S0357,PMCC_PROFIT_EARLY,60623.08533713845
2026-03-20 15:00:00-04:00,SHORT_CALL,BUY_TO_CLOSE,633.0043383331299,2026-04-20 00:00:00-04:00,1,5.0825248518703035,582.07,0.29993600769042966,0.18920565188866073,5.0825248518703035,1.0,94.40340104462098,L0257,S0358,PMCC_PROFIT_EARLY,60108.75032709955
2026-03-20 15:00:00-04:00,SHORT_CALL,BUY_TO_CLOSE,633.0043383331299,2026-04-20 00:00:00-04:00,1,5.0825248518703035,582.07,0.29993600769042966,0.18920565188866073,5.0825248518703035,1.0,94.40340104462098,L0260,S0359,PMCC_PROFIT_EARLY,59594.41531706065
2026-03-20 15:00:00-04:00,SHORT_CALL,SELL_TO_OPEN,625.9832629013063,2026-04-21 00:00:00-04:00,2,6.621924547863117,582.07,0.29993600769042966,0.23,13.243849095726233,2.0,0.0,L0248,S0360,PMCC_OPEN_BULL_MODERATE,60903.55637753755
2026-03-20 15:00:00-04:00,SHORT_CALL,SELL_TO_OPEN,625.9832629013063,2026-04-21 00:00:00-04:00,1,6.621924547863117,582.07,0.29993600769042966,0.23,6.621924547863117,1.0,0.0,L0257,S0361,PMCC_OPEN_BULL_MODERATE,61558.12690777599
2026-03-20 15:00:00-04:00,SHORT_CALL,SELL_TO_OPEN,625.9832629013063,2026-04-21 00:00:00-04:00,1,6.621924547863117,582.07,0.29993600769042966,0.23,6.621924547863117,1.0,0.0,L0260,S0362,PMCC_OPEN_BULL_MODERATE,62212.69743801444
2026-03-25 15:00:00-04:00,SHORT_CALL,BUY_TO_CLOSE,625.9832629013063,2026-04-21 00:00:00-04:00,2,5.791055040903245,587.73,0.2836959991455078,0.22845857068417746,11.58211008180649,2.0,152.59179131016754,L0248,S0360,PMCC_PROFIT_EARLY,61040.904319751986
2026-03-25 15:00:00-04:00,SHORT_CALL,BUY_TO_CLOSE,625.9832629013063,2026-04-21 00:00:00-04:00,1,5.791055040903245,587.73,0.2836959991455078,0.22845857068417746,5.791055040903245,1.0,76.29589565508377,L0257,S0361,PMCC_PROFIT_EARLY,60455.007760620756
2026-03-25 15:00:00-04:00,SHORT_CALL,BUY_TO_CLOSE,625.9832629013063,2026-04-21 00:00:00-04:00,1,5.791055040903245,587.73,0.2836959991455078,0.22845857068417746,5.791055040903245,1.0,76.29589565508377,L0260,S0362,PMCC_PROFIT_EARLY,59869.111201489526
2026-03-25 15:00:00-04:00,SHORT_CALL,SELL_TO_OPEN,645.50126902771,2026-04-26 00:00:00-04:00,2,3.6966105297110374,587.73,0.2836959991455078,0.15,7.393221059422075,2.0,0.0,L0248,S0363,PMCC_OPEN_BEAR_SMA_FORCED,60599.04008637231
2026-03-25 15:00:00-04:00,SHORT_CALL,SELL_TO_OPEN,645.50126902771,2026-04-26 00:00:00-04:00,1,3.6966105297110374,587.73,0.2836959991455078,0.15,3.6966105297110374,1.0,0.0,L0257,S0364,PMCC_OPEN_BEAR_SMA_FORCED,60964.004528813704
2026-03-25 15:00:00-04:00,SHORT_CALL,SELL_TO_OPEN,645.50126902771,2026-04-26 00:00:00-04:00,1,3.6966105297110374,587.73,0.2836959991455078,0.15,3.6966105297110374,1.0,0.0,L0260,S0365,PMCC_OPEN_BEAR_SMA_FORCED,61328.9689712551
2026-03-26 15:00:00-04:00,SHORT_CALL,BUY_TO_CLOSE,645.50126902771,2026-04-26 00:00:00-04:00,2,2.569662135778046,573.69,0.30732800598144533,0.10791693873087493,5.139324271556092,2.0,218.2503545150422,L0248,S0363,PMCC_PROFIT_EARLY,60807.89721982793
2026-03-26 15:00:00-04:00,SHORT_CALL,BUY_TO_CLOSE,645.50126902771,2026-04-26 00:00:00-04:00,1,2.569662135778046,573.69,0.30732800598144533,0.10791693873087493,2.569662135778046,1.0,109.1251772575211,L0257,S0364,PMCC_PROFIT_EARLY,60547.361344114346
2026-03-26 15:00:00-04:00,SHORT_CALL,BUY_TO_CLOSE,645.50126902771,2026-04-26 00:00:00-04:00,1,2.569662135778046,573.69,0.30732800598144533,0.10791693873087493,2.569662135778046,1.0,109.1251772575211,L0260,S0365,PMCC_PROFIT_EARLY,60286.82546840076
2026-03-26 15:00:00-04:00,SHORT_CALL,SELL_TO_OPEN,635.0594933166503,2026-04-27 00:00:00-04:00,2,3.8965596335579136,573.69,0.30732800598144533,0.15,7.793119267115827,2.0,0.0,L0248,S0366,PMCC_OPEN_BEAR_SMA_FORCED,61056.34427584523
2026-03-26 15:00:00-04:00,SHORT_CALL,SELL_TO_OPEN,635.0594933166503,2026-04-27 00:00:00-04:00,1,3.8965596335579136,573.69,0.30732800598144533,0.15,3.8965596335579136,1.0,0.0,L0257,S0367,PMCC_OPEN_BEAR_SMA_FORCED,61441.103679567466
2026-03-26 15:00:00-04:00,SHORT_CALL,SELL_TO_OPEN,635.0594933166503,2026-04-27 00:00:00-04:00,1,3.8965596335579136,573.69,0.30732800598144533,0.15,3.8965596335579136,1.0,0.0,L0260,S0368,PMCC_OPEN_BEAR_SMA_FORCED,61825.8630832897
2026-03-30 10:00:00-04:00,SHORT_CALL,BUY_TO_CLOSE,635.0594933166503,2026-04-27 00:00:00-04:00,2,3.0659198096935967,564.14,0.34283200683593745,0.120891115585745,6.131839619387193,2.0,157.9961251534762,L0248,S0366,PMCC_PROFIT_EARLY,61204.5472817316
2026-03-30 10:00:00-04:00,SHORT_CALL,BUY_TO_CLOSE,635.0594933166503,2026-04-27 00:00:00-04:00,1,3.0659198096935967,564.14,0.34283200683593745,0.120891115585745,3.0659198096935967,1.0,78.9980625767381,L0257,S0367,PMCC_PROFIT_EARLY,60893.88938095255
2026-03-30 10:00:00-04:00,SHORT_CALL,BUY_TO_CLOSE,635.0594933166503,2026-04-27 00:00:00-04:00,1,3.0659198096935967,564.14,0.34283200683593745,0.120891115585745,3.0659198096935967,1.0,78.9980625767381,L0260,S0368,PMCC_PROFIT_EARLY,60583.2314801735
2026-03-30 15:00:00-04:00,SHORT_CALL,SELL_TO_OPEN,625.4009116439818,2026-05-01 00:00:00-04:00,2,4.211124018716319,558.29,0.34283200683593745,0.15,8.422248037432638,2.0,0.0,L0248,S0369,PMCC_OPEN_BEAR_SMA_FORCED,61415.034035879326
2026-03-30 15:00:00-04:00,SHORT_CALL,SELL_TO_OPEN,625.4009116439818,2026-05-01 00:00:00-04:00,1,4.211124018716319,558.29,0.34283200683593745,0.15,4.211124018716319,1.0,0.0,L0257,S0370,PMCC_OPEN_BEAR_SMA_FORCED,61830.93531373224
2026-03-30 15:00:00-04:00,SHORT_CALL,SELL_TO_OPEN,625.4009116439818,2026-05-01 00:00:00-04:00,1,4.211124018716319,558.29,0.34283200683593745,0.15,4.211124018716319,1.0,0.0,L0260,S0371,PMCC_OPEN_BEAR_SMA_FORCED,62246.836591585154
2026-03-31 10:00:00-04:00,SHORT_CALL,BUY_TO_CLOSE,625.4009116439818,2026-05-01 00:00:00-04:00,2,2.7657630155706414,564.97,0.28280000000000005,0.12410603975520274,5.531526031141283,2.0,281.5406745979942,L0248,S0369,PMCC_PROFIT_EARLY,61686.15246243988
2026-03-31 10:00:00-04:00,SHORT_CALL,BUY_TO_CLOSE,625.4009116439818,2026-05-01 00:00:00-04:00,1,2.7657630155706414,564.97,0.28280000000000005,0.12410603975520274,2.7657630155706414,1.0,140.7703372989971,L0257,S0370,PMCC_PROFIT_EARLY,61405.810397867244
2026-03-31 10:00:00-04:00,SHORT_CALL,BUY_TO_CLOSE,625.4009116439818,2026-05-01 00:00:00-04:00,1,2.7657630155706414,564.97,0.28280000000000005,0.12410603975520274,2.7657630155706414,1.0,140.7703372989971,L0260,S0371,PMCC_PROFIT_EARLY,61125.46833329461
2026-03-31 15:00:00-04:00,SHORT_CALL,SELL_TO_OPEN,633.671733078003,2026-05-02 00:00:00-04:00,2,3.618839294512142,577.14,0.28280000000000005,0.15,7.237678589024284,2.0,0.0,L0248,S0372,PMCC_OPEN_BEAR_SMA_FORCED,61839.998513608014
2026-03-31 15:00:00-04:00,SHORT_CALL,SELL_TO_OPEN,633.671733078003,2026-05-02 00:00:00-04:00,1,3.618839294512142,577.14,0.28280000000000005,0.15,3.618839294512142,1.0,0.0,L0257,S0373,PMCC_OPEN_BEAR_SMA_FORCED,62197.26360376472
2026-03-31 15:00:00-04:00,SHORT_CALL,SELL_TO_OPEN,633.671733078003,2026-05-02 00:00:00-04:00,1,3.618839294512142,577.14,0.28280000000000005,0.15,3.618839294512142,1.0,0.0,L0260,S0374,PMCC_OPEN_BEAR_SMA_FORCED,62554.52869392142
2026-04-07 10:00:00-04:00,SHORT_CALL,BUY_TO_CLOSE,633.671733078003,2026-05-02 00:00:00-04:00,2,2.909638438595522,580.02,0.28873600769042973,0.13562248269474264,5.819276877191044,2.0,134.02089430613307,L0248,S0372,PMCC_PROFIT_EARLY,61964.78172932513
2026-04-07 10:00:00-04:00,SHORT_CALL,BUY_TO_CLOSE,633.671733078003,2026-05-02 00:00:00-04:00,1,2.909638438595522,580.02,0.28873600769042973,0.13562248269474264,2.909638438595522,1.0,67.01044715306654,L0257,S0373,PMCC_PROFIT_EARLY,61669.90824702698
2026-04-07 10:00:00-04:00,SHORT_CALL,BUY_TO_CLOSE,633.671733078003,2026-05-02 00:00:00-04:00,1,2.909638438595522,580.02,0.28873600769042973,0.13562248269474264,2.909638438595522,1.0,67.01044715306654,L0260,S0374,PMCC_PROFIT_EARLY,61375.03476472883
2026-04-07 15:00:00-04:00,SHORT_CALL,SELL_TO_OPEN,647.6375985946655,2026-05-09 00:00:00-04:00,2,3.765707213381617,588.69,0.28873600769042973,0.15,7.531414426763234,2.0,0.0,L0248,S0375,PMCC_OPEN_BEAR_SMA_FORCED,62118.64479297839
2026-04-07 15:00:00-04:00,SHORT_CALL,SELL_TO_OPEN,647.6375985946655,2026-05-09 00:00:00-04:00,1,3.765707213381617,588.69,0.28873600769042973,0.15,3.765707213381617,1.0,0.0,L0257,S0376,PMCC_OPEN_BEAR_SMA_FORCED,62490.44980710317
2026-04-07 15:00:00-04:00,SHORT_CALL,SELL_TO_OPEN,647.6375985946655,2026-05-09 00:00:00-04:00,1,3.765707213381617,588.69,0.28873600769042973,0.15,3.765707213381617,1.0,0.0,L0260,S0377,PMCC_OPEN_BEAR_SMA_FORCED,62862.25482122795
2026-04-09 10:00:00-04:00,SHORT_CALL,BUY_TO_CLOSE,647.6375985946655,2026-05-09 00:00:00-04:00,2,3.0076225575421205,604.98,0.21828799743652344,0.1561649900496518,3.6091470690505445,2.0,146.0077840988488,L0248,S0375,PMCC_PROFIT_EARLY,62255.121162650474
2026-04-09 10:00:00-04:00,SHORT_CALL,BUY_TO_CLOSE,647.6375985946655,2026-05-09 00:00:00-04:00,1,3.0076225575421205,604.98,0.21828799743652344,0.1561649900496518,1.8045735345252722,1.0,73.0038920494244,L0257,S0376,PMCC_PROFIT_EARLY,61951.55433336174
2026-04-09 10:00:00-04:00,SHORT_CALL,BUY_TO_CLOSE,647.6375985946655,2026-05-09 00:00:00-04:00,1,3.0076225575421205,604.98,0.21828799743652344,0.1561649900496518,1.8045735345252722,1.0,73.0038920494244,L0260,S0377,PMCC_PROFIT_EARLY,61647.987504073004
2026-04-27 15:00:00-04:00,SHORT_CALL,SELL_TO_OPEN,697.6987493896485,2026-05-29 00:00:00-04:00,2,5.156535443377777,664.28,0.20182400512695314,0.23,6.187842532053333,2.0,0.0,L0248,S0378,PMCC_OPEN_BULL_MODERATE,62671.10675021651
2026-04-27 15:00:00-04:00,SHORT_CALL,SELL_TO_OPEN,697.6987493896485,2026-05-29 00:00:00-04:00,1,5.156535443377777,664.28,0.20182400512695314,0.23,3.0939212660266664,1.0,0.0,L0257,S0379,PMCC_OPEN_BULL_MODERATE,63182.66637328826
2026-04-27 15:00:00-04:00,SHORT_CALL,SELL_TO_OPEN,697.6987493896485,2026-05-29 00:00:00-04:00,1,5.156535443377777,664.28,0.20182400512695314,0.23,3.0939212660266664,1.0,0.0,L0260,S0380,PMCC_OPEN_BULL_MODERATE,63694.22599636001
2026-04-28 10:00:00-04:00,SHORT_CALL,BUY_TO_CLOSE,697.6987493896485,2026-05-29 00:00:00-04:00,2,3.1963155389771742,655.77,0.19969599914550784,0.16269076318908782,2.237420877284022,2.0,387.8065600028366,L0248,S0378,PMCC_PROFIT_EARLY,63050.72546768729
2026-04-28 10:00:00-04:00,SHORT_CALL,BUY_TO_CLOSE,697.6987493896485,2026-05-29 00:00:00-04:00,1,3.1963155389771742,655.77,0.19969599914550784,0.16269076318908782,1.118710438642011,1.0,193.9032800014183,L0257,S0379,PMCC_PROFIT_EARLY,62728.97520335093
2026-04-28 10:00:00-04:00,SHORT_CALL,BUY_TO_CLOSE,697.6987493896485,2026-05-29 00:00:00-04:00,1,3.1963155389771742,655.77,0.19969599914550784,0.16269076318908782,1.118710438642011,1.0,193.9032800014183,L0260,S0380,PMCC_PROFIT_EARLY,62407.224939014566
2026-04-29 15:00:00-04:00,SHORT_CALL,SELL_TO_OPEN,696.3547213211059,2026-05-31 00:00:00-04:00,2,5.35368987460248,661.61,0.21067199401855471,0.23,6.424427849522977,2.0,0.0,L0248,S0381,PMCC_OPEN_BULL_MODERATE,63469.53848608554
2026-04-29 15:00:00-04:00,SHORT_CALL,SELL_TO_OPEN,696.3547213211059,2026-05-31 00:00:00-04:00,1,5.35368987460248,661.61,0.21067199401855471,0.23,3.2122139247614885,1.0,0.0,L0257,S0382,PMCC_OPEN_BULL_MODERATE,64000.695259621025
2026-04-29 15:00:00-04:00,SHORT_CALL,SELL_TO_OPEN,696.3547213211059,2026-05-31 00:00:00-04:00,1,5.35368987460248,661.61,0.21067199401855471,0.23,3.2122139247614885,1.0,0.0,L0260,S0383,PMCC_OPEN_BULL_MODERATE,64531.85203315651
2026-04-30 10:00:00-04:00,SHORT_CALL,BUY_TO_CLOSE,696.3547213211059,2026-05-31 00:00:00-04:00,2,4.076473138216954,662.29,0.18916799316406252,0.20412181487936604,2.853531196751868,2.0,250.58981608035333,L0248,S0381,PMCC_PROFIT_EARLY,63711.703874316365
2026-04-30 10:00:00-04:00,SHORT_CALL,BUY_TO_CLOSE,696.3547213211059,2026-05-31 00:00:00-04:00,1,4.076473138216954,662.29,0.18916799316406252,0.20412181487936604,1.426765598375934,1.0,125.29490804017667,L0257,S0382,PMCC_PROFIT_EARLY,63301.6297948963
2026-04-30 10:00:00-04:00,SHORT_CALL,BUY_TO_CLOSE,696.3547213211059,2026-05-31 00:00:00-04:00,1,4.076473138216954,662.29,0.18916799316406252,0.20412181487936604,1.426765598375934,1.0,125.29490804017667,L0260,S0383,PMCC_PROFIT_EARLY,62891.55571547623
2026-04-30 15:00:00-04:00,SHORT_CALL,SELL_TO_OPEN,699.0931559753417,2026-06-01 00:00:00-04:00,2,4.865925632492008,667.6,0.18916799316406252,0.23,3.4061479427444055,2.0,0.0,L0248,S0384,PMCC_OPEN_BULL_MODERATE,63859.33469403189
2026-04-30 15:00:00-04:00,SHORT_CALL,SELL_TO_OPEN,699.0931559753417,2026-06-01 00:00:00-04:00,1,4.865925632492008,667.6,0.18916799316406252,0.23,1.7030739713722027,1.0,0.0,L0257,S0385,PMCC_OPEN_BULL_MODERATE,64343.224183309714
2026-04-30 15:00:00-04:00,SHORT_CALL,SELL_TO_OPEN,699.0931559753417,2026-06-01 00:00:00-04:00,1,4.865925632492008,667.6,0.18916799316406252,0.23,1.7030739713722027,1.0,0.0,L0260,S0386,PMCC_OPEN_BULL_MODERATE,64827.11367258754
2026-05-06 10:00:00-04:00,SHORT_CALL,BUY_TO_CLOSE,699.0931559753417,2026-06-01 00:00:00-04:00,2,11.58521870948556,691.28,0.19476799316406251,0.4439803309870282,8.109653096639892,2.0,-1353.96826849535,L0248,S0384,PMCC_STRIKE_GAP,62499.96027759379
2026-05-06 10:00:00-04:00,SHORT_CALL,BUY_TO_CLOSE,699.0931559753417,2026-06-01 00:00:00-04:00,1,11.58521870948556,691.28,0.19476799316406251,0.4439803309870282,4.054826548319946,1.0,-676.984134247675,L0257,S0385,PMCC_STRIKE_GAP,61336.38358009691
2026-05-06 10:00:00-04:00,SHORT_CALL,BUY_TO_CLOSE,699.0931559753417,2026-06-01 00:00:00-04:00,1,11.58521870948556,691.28,0.19476799316406251,0.4439803309870282,4.054826548319946,1.0,-676.984134247675,L0260,S0386,PMCC_STRIKE_GAP,60172.80688260003
2026-06-05 10:00:00-04:00,LEAPS,SELL_TO_CLOSE,470.5605570526123,2026-09-02 00:00:00-04:00,2,259.2624664599587,725.66,0.2886642030715943,0.9992432761868607,311.11495975195044,2.0,26385.930637220583,L0248,,"ADAPTIVE_GAMMA_ROLL(dte=89,d=1.00)",111712.18521483982
2026-07-17 15:00:00-04:00,SHORT_CALL,SELL_TO_OPEN,731.8110479354857,2026-08-18 00:00:00-04:00,1,5.614743538717221,695.3,0.21022400512695313,0.23,3.3688461232303326,1.0,0.0,L0257,S0387,PMCC_OPEN_BULL_MODERATE,112269.29072258831
2026-07-17 15:00:00-04:00,SHORT_CALL,SELL_TO_OPEN,731.8110479354857,2026-08-18 00:00:00-04:00,1,5.614743538717221,695.3,0.21022400512695313,0.23,3.3688461232303326,1.0,0.0,L0260,S0388,PMCC_OPEN_BULL_MODERATE,112826.3962303368
2026-07-20 15:00:00-04:00,SHORT_CALL,BUY_TO_CLOSE,731.8110479354857,2026-08-18 00:00:00-04:00,1,5.021022844501715,695.99,0.20887999572753913,0.2197724249822548,3.0126137067010292,1.0,55.35945571484956,L0257,S0387,PMCC_PROFIT_EARLY,112320.28133217993
2026-07-20 15:00:00-04:00,SHORT_CALL,BUY_TO_CLOSE,731.8110479354857,2026-08-18 00:00:00-04:00,1,5.021022844501715,695.99,0.20887999572753913,0.2197724249822548,3.0126137067010292,1.0,55.35945571484956,L0260,S0388,PMCC_PROFIT_EARLY,111814.16643402306
2026-07-20 15:00:00-04:00,SHORT_CALL,SELL_TO_OPEN,732.3007209625243,2026-08-21 00:00:00-04:00,1,5.585835811360283,695.99,0.20887999572753913,0.23,3.35150148681617,1.0,0.0,L0257,S0389,PMCC_OPEN_BULL_MODERATE,112368.39851367228
2026-07-20 15:00:00-04:00,SHORT_CALL,SELL_TO_OPEN,732.3007209625243,2026-08-21 00:00:00-04:00,1,5.585835811360283,695.99,0.20887999572753913,0.23,3.35150148681617,1.0,0.0,L0260,S0390,PMCC_OPEN_BULL_MODERATE,112922.63059332149
2026-07-23 10:00:00-04:00,SHORT_CALL,BUY_TO_CLOSE,732.3007209625243,2026-08-21 00:00:00-04:00,1,4.106782785767507,691.75,0.2094400085449219,0.1882676082932382,2.4640696714605044,1.0,144.44123288781714,L0257,S0389,PMCC_PROFIT_EARLY,112508.48824507328
2026-07-23 10:00:00-04:00,SHORT_CALL,BUY_TO_CLOSE,732.3007209625243,2026-08-21 00:00:00-04:00,1,4.106782785767507,691.75,0.2094400085449219,0.1882676082932382,2.4640696714605044,1.0,144.44123288781714,L0260,S0390,PMCC_PROFIT_EARLY,112094.34589682508
2026-07-23 15:00:00-04:00,SHORT_CALL,SELL_TO_OPEN,728.2488357620239,2026-08-24 00:00:00-04:00,1,5.568292376515586,691.99,0.2094400085449219,0.23,3.340975425909352,1.0,0.0,L0257,S0391,PMCC_OPEN_BULL_MODERATE,112646.83415905073
2026-07-23 15:00:00-04:00,SHORT_CALL,SELL_TO_OPEN,728.2488357620239,2026-08-24 00:00:00-04:00,1,5.568292376515586,691.99,0.2094400085449219,0.23,3.340975425909352,1.0,0.0,L0260,S0392,PMCC_OPEN_BULL_MODERATE,113199.32242127639
2026-07-24 10:00:00-04:00,SHORT_CALL,BUY_TO_CLOSE,728.2488357620239,2026-08-24 00:00:00-04:00,1,4.4844461667802875,688.28,0.20809599914550778,0.1984525293633299,2.6906677000681727,1.0,104.69395327346172,L0257,S0391,PMCC_PROFIT_EARLY,112747.1871368983
2026-07-24 10:00:00-04:00,SHORT_CALL,BUY_TO_CLOSE,728.2488357620239,2026-08-24 00:00:00-04:00,1,4.4844461667802875,688.28,0.20809599914550778,0.1984525293633299,2.6906677000681727,1.0,104.69395327346172,L0260,S0392,PMCC_PROFIT_EARLY,112295.0518525202
2026-07-24 15:00:00-04:00,SHORT_CALL,SELL_TO_OPEN,719.8372373199461,2026-08-25 00:00:00-04:00,1,5.4709188395574415,684.21,0.20809599914550778,0.23,3.282551303734465,1.0,0.0,L0257,S0393,PMCC_OPEN_BULL_MODERATE,112837.86118517221
2026-07-24 15:00:00-04:00,SHORT_CALL,SELL_TO_OPEN,719.8372373199461,2026-08-25 00:00:00-04:00,1,5.4709188395574415,684.21,0.20809599914550778,0.23,3.282551303734465,1.0,0.0,L0260,S0394,PMCC_OPEN_BULL_MODERATE,113380.67051782421
2026-07-27 10:00:00-04:00,SHORT_CALL,BUY_TO_CLOSE,719.8372373199461,2026-08-25 00:00:00-04:00,1,4.307317275215752,681.47,0.2091040008544922,0.19804218462935563,2.584390365129451,1.0,112.77576606903949,L0257,S0393,PMCC_PROFIT_EARLY,112946.35439993751
2026-07-27 10:00:00-04:00,SHORT_CALL,BUY_TO_CLOSE,719.8372373199461,2026-08-25 00:00:00-04:00,1,4.307317275215752,681.47,0.2091040008544922,0.19804218462935563,2.584390365129451,1.0,112.77576606903949,L0260,S0394,PMCC_PROFIT_EARLY,112512.03828205081
2026-07-27 15:00:00-04:00,SHORT_CALL,SELL_TO_OPEN,717.7412836761473,2026-08-28 00:00:00-04:00,1,5.47945779207771,682.06,0.2091040008544922,0.23,3.287674675246626,1.0,0.0,L0257,S0395,PMCC_OPEN_BULL_MODERATE,113055.69638658334
2026-07-27 15:00:00-04:00,SHORT_CALL,SELL_TO_OPEN,717.7412836761473,2026-08-28 00:00:00-04:00,1,5.47945779207771,682.06,0.2091040008544922,0.23,3.287674675246626,1.0,0.0,L0260,S0396,PMCC_OPEN_BULL_MODERATE,113599.35449111587
2026-07-28 10:00:00-04:00,SHORT_CALL,BUY_TO_CLOSE,717.7412836761473,2026-08-28 00:00:00-04:00,1,3.199852720647854,672.69,0.20395198974609377,0.1569232733571227,1.9199116323887127,1.0,225.04059551059686,L0257,S0395,PMCC_PROFIT_EARLY,113276.44930741869
2026-07-28 10:00:00-04:00,SHORT_CALL,BUY_TO_CLOSE,717.7412836761473,2026-08-28 00:00:00-04:00,1,3.199852720647854,672.69,0.20395198974609377,0.1569232733571227,1.9199116323887127,1.0,225.04059551059686,L0260,S0396,PMCC_PROFIT_EARLY,112953.54412372151
2026-07-28 15:00:00-04:00,LEAPS,BUY_TO_OPEN,581.2018526458739,2028-01-18 23:00:00-05:00,2,151.78196872931284,675.51,0.24437818771362305,0.8000070194260249,182.1383624751754,2.0,0.0,L0397,,ENTRY_BULL_MODERATE,82413.01201538378
2026-07-28 15:00:00-04:00,SHORT_CALL,SELL_TO_OPEN,709.9585774383545,2026-08-29 00:00:00-04:00,1,5.297007975736477,675.51,0.20395198974609377,0.23,3.1782047854418862,1.0,0.0,L0257,S0398,PMCC_OPEN_BULL_MODERATE,82938.53460817199
2026-07-28 15:00:00-04:00,SHORT_CALL,SELL_TO_OPEN,709.9585774383545,2026-08-29 00:00:00-04:00,1,5.297007975736477,675.51,0.20395198974609377,0.23,3.1782047854418862,1.0,0.0,L0260,S0399,PMCC_OPEN_BULL_MODERATE,83464.0572009602
2026-07-28 15:00:00-04:00,SHORT_CALL,SELL_TO_OPEN,709.9585774383545,2026-08-29 00:00:00-04:00,2,5.297007975736477,675.51,0.20395198974609377,0.23,6.3564095708837725,2.0,0.0,L0397,S0400,PMCC_OPEN_BULL_MODERATE,84515.10238653662
2026-07-29 15:00:00-04:00,SHORT_CALL,BUY_TO_CLOSE,709.9585774383545,2026-08-29 00:00:00-04:00,1,3.831069236684783,661.53,0.23139199829101564,0.1665440399242547,2.29864154201087,1.0,143.29523236315856,L0257,S0398,PMCC_PROFIT_EARLY,84128.69682132613
2026-07-29 15:00:00-04:00,SHORT_CALL,BUY_TO_CLOSE,709.9585774383545,2026-08-29 00:00:00-04:00,1,3.831069236684783,661.53,0.23139199829101564,0.1665440399242547,2.29864154201087,1.0,143.29523236315856,L0260,S0399,PMCC_PROFIT_EARLY,83742.29125611564
2026-07-29 15:00:00-04:00,SHORT_CALL,BUY_TO_CLOSE,709.9585774383545,2026-08-29 00:00:00-04:00,2,3.831069236684783,661.53,0.23139199829101564,0.1665440399242547,4.59728308402174,2.0,286.5904647263171,L0397,S0400,PMCC_PROFIT_EARLY,82969.48012569467
2026-07-29 15:00:00-04:00,SHORT_CALL,SELL_TO_OPEN,699.7542624778747,2026-08-30 00:00:00-04:00,1,5.862749877372522,661.53,0.23139199829101564,0.23,3.5176499264235135,1.0,0.0,L0257,S0401,PMCC_OPEN_BULL_MODERATE,83551.2374635055
2026-07-29 15:00:00-04:00,SHORT_CALL,SELL_TO_OPEN,699.7542624778747,2026-08-30 00:00:00-04:00,1,5.862749877372522,661.53,0.23139199829101564,0.23,3.5176499264235135,1.0,0.0,L0260,S0402,PMCC_OPEN_BULL_MODERATE,84132.99480131634
2026-07-29 15:00:00-04:00,SHORT_CALL,SELL_TO_OPEN,699.7542624778747,2026-08-30 00:00:00-04:00,2,5.862749877372522,661.53,0.23139199829101564,0.23,7.035299852847027,2.0,0.0,L0397,S0403,PMCC_OPEN_BULL_MODERATE,85296.509476938
2026-07-31 15:00:00-04:00,SHORT_CALL,BUY_TO_CLOSE,699.7542624778747,2026-08-30 00:00:00-04:00,1,9.855030188947865,687.92,0.17908799743652346,0.40222340392478345,3.449260566131753,1.0,-403.67729172366603,L0257,S0401,PMCC_STRIKE_GAP,84306.55719747707
2026-07-31 15:00:00-04:00,SHORT_CALL,BUY_TO_CLOSE,699.7542624778747,2026-08-30 00:00:00-04:00,1,9.855030188947865,687.92,0.17908799743652346,0.40222340392478345,3.449260566131753,1.0,-403.67729172366603,L0260,S0402,PMCC_STRIKE_GAP,83316.60491801615
2026-07-31 15:00:00-04:00,SHORT_CALL,BUY_TO_CLOSE,699.7542624778747,2026-08-30 00:00:00-04:00,2,9.855030188947865,687.92,0.17908799743652346,0.40222340392478345,6.898521132263506,2.0,-807.3545834473321,L0397,S0403,PMCC_STRIKE_GAP,81336.70035909432
2026-08-14 00:00:00,LEAPS,SELL_TO_CLOSE,501.72601159667954,2027-05-11 01:00:00-04:00,1,243.2568384704473,731.0700073242188,0.203775,0.9916131950541623,85.13989346465655,1.0,8359.767586686608,L0257,,BACKTEST_END,105576.24431267439
2026-08-14 00:00:00,LEAPS,SELL_TO_CLOSE,487.17238313293456,2027-05-12 01:00:00-04:00,1,257.3160668025501,731.0700073242188,0.203775,0.994702229712698,90.06062338089254,1.0,8781.227125925703,L0260,,BACKTEST_END,131216.79036954851
2026-08-14 00:00:00,LEAPS,SELL_TO_CLOSE,581.2018526458739,2028-01-18 23:00:00-05:00,2,189.27711376379528,731.0700073242188,0.203775,0.8996631422144139,132.4939796346567,2.0,7364.535027261831,L0397,,BACKTEST_END,168937.7191426729
